,date,title,links,description
0,20211003,"MBC 스트레이트, '날개없는 추락' 남양유업의 갑질",https://imnews.imbc.com/news/2021/society/article/6304682_34873.html,"3일 방송된 MBC 탐사기획 가 남양유업과 홍원식 회장 일가의 각종 비리와 갑질에 대해 집중 보도했다. 지난 2013년 '대리점 갑질 사건'으로 온 국민의 공분을 샀던 남양유업. 그러나 그 사건은 남양유업의 몰락을 알리는 첫 신호탄에 불과했다. 그 뒤로도 남양유업은 각종 구설과 논란을 일으키며 소비자들로 하여금 혀를 내두르게 했다. 남양유업 회장님 댁 가사도우미의 폭로 는 14년 동안 남양유업 홍회장 자택에서 가사도우미로 일해 온 서모씨를 단독 인터뷰했다. 에 따르면, 코로나19로 사회적 거리두기가 한창이었던 지난 6월 19일, 남양유업 홍원식 회장의 서울 성북동 자택에서 무려 17명이 참석한 만찬이 열렸다. 홍 회장의 부인인 이운경 남양유업 고문이 주최한 만찬이었다. 지난 5월 부산에서 열린 미술전시회의 조직위원장을 맡았던 이 고문이, 당시 관계자들을 초청해 만찬을 열었던 것이다. 취재에 따르면 이날 참석자는 미술관 대표와 기업 임원, 디자이너 등 17명이었고 저녁 6시부터 밤 11시까지 5시간 동안 모임이 이어졌다. 특히 부산시 최고 방역책임자인 박형준 부산시장까지 부인을 동반하고 이 자리에 함께 했던 사실이 드러나 논란은 더욱 커졌다. 그런데 에 따르면, 이날 만찬을 준비한 사람들은 남양유업의 직원들이었다. 수삼 좁쌀죽, 킹크랩 굴림만두, 전복쌈, 수란채와 '설야멱적' 등 고급 코스 요리가 나왔고 이 음식들은 남양유업 직원 3명이 준비한 것이었다. 문제는 이같은 홍 회장 자택 만찬에 남양유업 직원들이 동원된 게 한두번이 아니라는 사실이다. 와 인터뷰한 가사도우미 서씨는 그동안 남양유업 자택에서 열렸던 거의 모든 만찬에 대해 꼼꼼히 기록한 수첩을 갖고 있었다. 서씨에 따르면, 광고 모델과의 자택 만찬도 남양유업 직원들이 준비했고, 심지어 가족 행사인 성묘 음식마저 외식사업부 직원들이 준비해야 했다. 회장님댁 수행기사 궂은일 도맡아 남양유업 홍원식 회장 자택 가사도우미였던 서씨는 수행기사들이 집안 청소와 김장 담그기, 장보기는 물론 골프 캐디까지 온갖 잡일을 해야 했다. 가 단독 인터뷰한 가사도우미 서씨는 홍회장의 부인 이운경 고문이 ""속옷 심부름까지 수행 기사에게 시켰다""고 폭로했다. 또 시킨 일을 제대로 수행하지 못하면 ""바보냐, 치매냐, 나가라""는 등 폭언이 이어졌고 심지어 ""몽둥이를 가져와라""는 식의 인격 모독 행위도 있었던 것으로 보도됐다. 분유회사가 육아휴직 여직원에 인사보복 는 또 육아휴직을 냈다가 인사보복을 당한 남양유업 전 광고팀장 최모씨를 인터뷰했다. 최씨는 남양유업 광고팀에서 10여년간 주말도 없이 일해 최연소 여성 팀장까지 올랐던 여직원이었다. 그런데 육아휴직 후 돌아온 최씨에게 남양유업은 납득할 수 없는 인사를 잇따라 발령냈다. 취재에 따르면, 2016년 육아휴직에서 복귀한 최씨는 탕비실 옆 빈자리에서 광고팀 업무와 무관한 단순업무를 해야 했다. 11개월 뒤엔, 갑자기 경기도 고양의 물류센터로 발령이 났고, 7개월 뒤엔 충남 천안의 공장으로 발령이 났다. 그런데 이같은 인사 보복 조치를 남양유업 홍원식 회장이 직접 지시한 정황이 드러났다. 보도에 따르면 홍 회장은 ""빡세게 일을 시키라고, 눈에 보이지 않는 아주 강한 압박을 해서 지금 못 견디게 해. 위법은 하는 건 아니지만 좀 한계선상을 걸으라 그 얘기야. 그런 게, 그게 무슨 문제가 되겠어."" 라며 인사 담당자에게 지시했다. 육아휴직을 했다가 인사 보복을 당한 최씨는 와의 인터뷰에서 ""남양유업은 분유회사다. 최초 소비자가 엄마인데, 남양유업은 오히려 여자와 엄마를 무시하고 배려하지 않는다""며 한탄했다. 남양유업 매각하겠다던 홍원식 회장, 돌연 취소 논란 는 또 남양유업 매각 무산 논란에 대해 심층 취재했다. 지난 4월, 남양유업 불가리스가 코로나19 바이러스 저감 효과가 있다는 엉터리 발표 이후 남양유업은 사면초가에 몰렸다. 우리 법은 의약품이 아닌 식품을 질병 예방이나 치료 효능이 있는 것처럼 광고하는 행위를 금지하고 있는데, 남양유업이 이를 정면으로 위반했기 때문이다. 식약처 고발, 경찰 압수수색, 세종시의 공장 영업정지 통보 등 상황이 악화되자 지난 5월 남양유업 홍원식 회장이 기자회견을 열었다. 눈물까지 흘린 홍 회장은 남양유업 회장직에서 물러나고 자녀에게 경영권 승계도 하지 않겠다고 직접 말했다. 또 남양유업을 사모펀드인 한앤컴퍼니에게 매각하겠다고 발표했고, 남양유업 주가는 급등했다. 그러나 지난 9월 1일 홍원식 회장은 한앤컴퍼니에게 남양유업을 매각하지 않겠다고 말을 바꿨다. 는 매각발표 이후 남양유업 주가가 급등하자 홍원식 회장이 매각가를 더 높여달라고 요구했고 이과정에서 한앤컴퍼니와 갈등이 벌어졌을 것으로 추정했다. 특히 와 인터뷰한 남양유업 전 핵심관계자는 ""홍회장의 추가 요구 사항 중에 아들 홍진석 대표이사직을 일정기간 유지하고 자회사인 백미당은 팔지 않겠다는 내용이 있다""고 폭로했다. 홍원식 회장 지분 51%로 남양유업 독단 경영 는 남양유업의 몰락 이유로 홍회장의 지분율을 꼽았다. 홍원식 회장의 남양유업 지분은 51%로 특수관계인을 합하면 53%에 이른다. 전문가들은 주주총회 표대결에서 홍회장의 독단적 경영을 막을 방법이 없다고 지적했다. 허일후 MC는 ""홍회장 일가의 일탈행위와 남양유업의 갑질 영업 등으로 소비자들이 등을 돌렸다""고 지적했고, 김효엽 MC는 ""기업의 사회적 책임이 얼마나 무거운지 되새겨야 한다""고 말했다."
1,20210915,[단독] 사별한 전부인·손녀까지 탈탈 털어‥'김대중 사찰 보고서' 공개,https://imnews.imbc.com/news/2021/society/article/6300977_34873.html,"MBC 찾아온 고문서 경매사‥'대외비' 빨간 도장 찍힌 '김대중 사찰 문서' 고문서를 취급하는 한 경매사의 직원이 지난주 MBC에 제보를 했습니다. ""안기부 파기 문서가 유출돼 저희 경매사에 왔습니다."" 급히 찾아간 경매사에서 본 건 다섯 권의 낡은 보고서. 표지에서부터 한 사람의 이름이 눈에 들어옵니다. 金大中. 대한민국 제15대 대통령 김대중입니다. 문서 겉면엔 '대외비/파기', 한자 안('安')자가 빨간색으로 선명하게 찍혀 있습니다. 서슬퍼런 신군부 정권 시절, 정보기관이 극비리에 작성한 것으로 추정되는 '김대중 사찰 문서' 일부가 처음으로 세상에 공개된 겁니다. 경매회사에 따르면 이 문건들은 보관자측이 파기를 하지 않고 그대로 폐기 처분했다가, 고물상 등으로 넘어가서 여러 사람의 손을 거쳐 지금까지 남아있던 것으로 추정됩니다.56쪽 분량의 첫 번째 보고서는 . 1984년 11월 작성된 것으로 보이는 이 보고서는 목차부터 김대중 전 대통령의 , , , , 등으로 매우 세세하게 작성돼있습니다. 이 보고서가 만들어진 목적이 김대중이라는 정치인의 일거수 일투족을 낱낱이 파헤치는 것임을 알 수 있는 대목입니다. 보고서 내용 일부만 봐도 김대중 개인, 그리고 김대중 가까이 있는 주변 인물들에 대한 집요한 사찰이 있었음을 확인할 수 있습니다. 5. 김대중 건강상태( 83.1.21 조지타운 대학병원 공식발표) - 이명 증세는 있으나 고막이 정상이며, 특별치료 방법 없음 - 관절염 증세는 수술을 요할 정도는 아니며 더 이상 악화될 염려 없음 - 양하지 부종증상이 있으므로 가벼운 운동 및 혈액순환 추진이 필요 - 잇몸에 손상이 있으므로 수술치료 필요 - 그 외 전반적인 건강상태는 양호 ※ 처 이희호는 지병인 관절염 증상(팔, 목, 머리, 등 통증)으로 고생 해당 보고서에는 김 전 대통령 본인 뿐 아니라 이희호 여사와 세 아들, 당시 8살,6살,2살이었던 세 손녀와 1960년에 사별한 전 부인 가족까지 무려 82명 가족 정보가 적혀 있습니다. 김 전 대통령의 가족들 명의로 된 아파트 주소와 시세, 생업은 무엇인지, '미국에서의 생활비는 1만 달러'라는 확인되지 않은 정보와 '재산 중 현금 3억 원은 10·26사태 이후 경제인에게 받은 돈 중 일부'라는 자금 추적 기록까지 담겨 있습니다. '대외비/파기' 도장 찍혀 있는 문서엔 ""비열하고 간사한 모략가""‥김대중 '음해 보고서'같은해 말, 혹은 이듬해(85년) 작성된 것으로 보이는 두 번째 문서 는 116쪽으로 앞선 보고서의 두 배 분량입니다. 표지 상단에는 빨간 도장이 선명하게 찍혀 있습니다. 목차를 보면 , , , 등 당시 미국에서 망명 중이던 김대중의 대외활동에 대해 수집한 정보를 담고 있습니다. '김대중의 간교 사술적 정치행적' 부분을 살펴보면, 이 보고서는 김대중이라는 정치인을 ""비열하고 간사한 수단과 방법을 동원하는 유일무이한 선동, 모략가, 사기꾼""이라고 평가합니다. ""일반적으로 김대중은 반독재 민주투쟁을 위해 매우 집요하고 과감한 정치행동을 해 온 것 같이 알려져 있으나 실제에 있어서는 가장 비열하고 간사한 수단과 방법을 동원, 구사하여 민중을 기만하고 정상적 사고로서는 발상하기 어려운 간지(간사한 지혜)를 짜내어 대중을 선동함으로써 자신에게 유리한 국면을 조작하는 등 한국의 근대 정치사에서는 달리 유형을 찾아보기 어려운 유일무이한 선동, 모략가이며 사기한(사기꾼)인 바 그의 정치 행적을 통한 실례들을 살펴보면 다음과 같다."" [사례6] 1971.3.23 (제7대 대통령 선거 시) ○ 김대중은 향리(고향)인 전남 목포에서 대통령 선거 유세를 하면서 심복분자를 시켜 사이다를 가져오게 하여 이를 받아들고 O 「이것이 정부기관에서 나를 독살시키려고 보내온 사이다병인데 독약이 들어있다」고 청중들을 선동한 다음 ○ 사이다병 내에 들어있다는 독약을 감정치 못하도록 재빨리 사이다를 쏟아버렸다. 청중을 선동 흥분시킬 목적만 달성하면 족한 것이니까 내용물을 재빨리 버린 것이다. [사례12] 1982.12.19. (서울대병원_이송 후) ○ 김대중은 병원 이송 후 첫날은 처 이희호가 준비한 융숭한 사식(숭어회, 찜)을 먹고 난 후 이희호가 출국 준비 관계로 바쁘므로 이후부터 아침은 관식(죽)을 먹겠다고 자청하였는데 △ 12.19 (일요일) 야식으로 쌀죽과 된장국의 병원식사를 제공한 바 집에서 가져온 은수저를 넣어 색깔이 하는 것을 보고는 「독물이 들었다」고 취식을 거부하며 소란을 피웠다. 이런 식으로 김대중이 '모략가, 사기꾼'이라는 주장을 뒷받침하기 위해 무려 열 두가지 사례를 동원하고 있는데, 정확한 사실 관계를 확인한 뒤 수집한 정보라기 보다는 김대중이라는 인물에 대해 부정적인 모습으로 비춰지려는 서술로 보입니다. [장신기 박사 (연세대 김대중도서관) ] ""반대편의 가장 유력한 정치인 김대중에 대해 계속해서 잘못된 편견을 만들어내서 김대중 개인과 김대중이 대표하는 한국의 민주화운동 진영 전반에 대한 부정적인 인식을 뿌리 깊게 만들기 위한 권력 집단의 정치적 고려가 개입된 정치적 기획 작품이라고 볼 수 있는 거죠."" 한자 안('安') 도장 찍힌 '김대중 귀국 보고서'‥일거수 일투족에 '촉각' 겉표지에 한자로 안('安') 글씨가 새겨진 '김대중 귀국 보고서'도 있었습니다. 국가 최고정보기관이었던 '국가안전기획부', 안기부의 '안', 혹은 '보안' 문서를 표시하기 위한 '안' 글씨로 추정됩니다. 이 문서는 당시 정권이 김대중이라는 정치인, 그것도 미국에 망명해 있는 한 사람에 대해 수년 간의 사찰과 분석, 견제하고 있다는 것을 보여주고 있습니다. 당시 전두환 정권은 김 전 대통령이 1985년 2월 총선을 앞두고 미국에서 귀국할 경우 그 정치적 영향력과 파급이 걷잡을 수 없이 커질 것을 우려했던 것으로 추정됩니다. 안기부를 의미하는 '安' 도장이 찍혀 있는 보고서 역시 이런 맥락에서 만들어진 것으로 보입니다. 85년 2월 12일 총선을 앞둔 상황에서 김대중 전 대통령의 귀국은 당시 정권의 초미의 관심사였습니다. 전두환 정권은 김대중 전 대통령이 총선을 앞두고 귀국하면 재수감을 하겠다고 압박했고, 김 전 대통령이 선거 이후 귀국하게 하기 위해 미국 측과도 긴밀하게 물밑 거래를 했던 상황이 보고서에 담겨 있습니다. 김대중이라는 거물 정치인의 귀환에 대한 두려움을 엿볼 수 있는 대목입니다. 또 다른 문서는 . 1981년 11대 국회의원 선거를 앞두고 작성된 것으로 추정되는 이 문서에는 전두환의 친필 서명도 있어 대통령에게까지 올라갔던 보고서가 아닐까 추측됩니다. 목표 의석수와 선거 전략을 제시하면서, 민주정의당이 기호 1번을 차지하면 5-6%가량 더 득표할 수 있다며 등록 순서를 민정당에 유리하게 선거법을 개정하자는 내용이 담겼습니다. 투표를 앞두고 김대중에 대한 견제와 더불어 당시 신군부 정권의 염려가 드러나는 보고서입니다. '새마을 성금' 280억 원 영수증과 전두환 감사 편지‥문서 5개 이달 29일 경매은 81년부터 87년까지, 당시 신군부가 투자금융기관 34곳으로부터 새마을 성금 명목으로 돈을 걷은 뒤 발행한 2백 장에 달하는 영수증 묶음집입니다. 7년 동안 걷은 금액은 약 281억 원. 초반에는 한 회사당 7억 원씩을 일정하게 걷은 것으로 보아 자발적인 성금이 아닐 가능성이 높아 보입니다. (당시 시세 기준 7억 원은 강남아파트 수십 채 가격에 달합니다) 이 가운데 '부산투자금융'의 문성능 사장에게 보낸 전두환의 감사 친서도 동봉돼 있습니다. ""문성능 사장 귀하. 귀하께서 새마을운동을 위해 정성어린 성금 1억 5천 7백만 원을 보내주신 데 대하여 치하의 뜻을 표하는 바입니다. 새마을운동은 우리 국민 모두가 적극 참여하고 서로 협력해야만 성과를 거둘 수 있는 범국민적인 운동으로서 귀하의 참여는 높이 평가될 것이며 그 성금은 값지게 쓰여질 것입니다. 앞으로도 계속해서 새마을운동의 활성화와 국가발전을 위해 힘써주시기 바라며 귀하의 행운과 번영을 기원합니다. 전두환"" 국가 정보기관 개입한 정치 기획‥보고서 존재 자체가 '비극' 이 5개의 문건들은 이달 29일 경매사이트에 나오게 됩니다. 경매를 통해 세상에 나오기 전, MBC가 확보한 이 문서들을 먼저 본 전문가들은 이렇게 말했습니다. [한홍구 성공회대 교수] ""과연 김대중의 동향이라는게 정권적인 차원을 떠나서 국가적 차원에서 어떤 의미가 있는 것인가 국가가 중요시하는 정보라는게 국격을 의미하는거 아니겠습니까. 대한민국의 국격이란건 김대중이 누구 만나 무슨 얘기했느냐를 감시하는 데 다 들어가있다는 거죠. 국가의 최고 정보기관이 예산과 인력을 써서 그 사람에 대한 보고서를 만든다는 것 자체가 비극인 거죠"" 김대중이라는 한 명의 정치인을 견제하기 위해 만들어진 보고서들. 정권에 위협적인 상대를 제거하기 위해서 국가 정보 기관을 동원해 불법적인 사찰과 음해도 서슴지 않았던, 후진적인 당시 정치 상황이 고스란히 담긴 이 보고서의 실체를 오늘 에서 전해드립니다."
2,20210902,[단독] 줄넘기 국가대표 코치가 미성년 선수 성폭행…경찰 수사 착수,https://imnews.imbc.com/news/2021/society/article/6298091_34873.html,"경기 의정부경찰서는 같은 팀 소속 미성년자 선수를 성폭행한 혐의로 현직 국가대표 줄넘기 선수인 26살 남성을 조사하고 있다고 밝혔습니다. 이 남성은 소속 팀에서 코치를 겸임하면서 16살 국가대표 선수를 1년 넘게 성폭행 한 혐의를 받고 있습니다. 경찰은 디지털 포렌식 작업을 통해 피해선수 휴대전화에서 관련 증거를 확보하고, 조만간 해당 남성을 소환할 예정입니다. 또, 추가 피해자가 있을 가능성이 있다고 보고 수사를 확대할 방침입니다. 피해 선수는 MBC에 밝힌 입장문에서 ""코치가 집요하게 성관계를 요구했고, 들어주지 않으면 욕설과 폭언을 했다""면서 ""힘들고 고통스러웠던 시간만큼 꼭 처벌해달라""고 밝혔습니다."
3,20210902,[단독] [영상M] 코로나로 가뜩이나 힘든데…문 뜯고 현금보관함 통째로 훔쳐가,https://imnews.imbc.com/news/2021/society/article/6298037_34873.html,"가게 밖을 어슬렁거리는 남성들. 한 남성이 문밖에서 서성이다 잘 열리지 않는 문을 강제로 따고 가게 안으로 들어갑니다. 가게 밖에서는 다른 남성이 망을 봅니다. 5분 후, 가게 안으로 들어갔던 남성은 현금이 들어있는 보관함을 서랍째 들고 나옵니다. 지난 30일 새벽 2시 반쯤 서울 석관동의 한 식당에 몰래 들어가 현금 보관통을 통째로 훔친 혐의를 받는 20대 남녀 4명이 경찰에 붙잡혔습니다. 이들은 인적이 드문 시간, 영업을 종료한 식당의 문을 따고 들어가 50만 원이 들어있던 현금 보관함을 통째로 들고 나온 혐의를 받고 있습니다. 이들은 이 외에도 서울 시내 여러 곳과 충청도 등에서 보안장치가 허술한 시장이나 구도심 식당을 노려 범행을 저지른 것으로 전해졌습니다. 경찰은 어제 이들을 체포해 여죄를 파악하고 구속영장을 신청할 예정입니다. ▶ MBC뉴스를 네이버 메인에서 확인하세요. ▶ MBC뉴스는 24시간 여러분의 제보를 기다립니다. ▷ 전화 02-784-4000 ▷ 이메일 mbcjebo@mbc.co.kr ▷ 카카오톡 @mbc제보"
4,20210819,"바이든, 아프간 철군 비판에 ""혼란 불가피한 일""",https://imnews.imbc.com/news/2021/world/article/6294518_34880.html,"아프가니스탄 미군 철군에 대한 비판 여론이 높아지고 있지만 조 바이든 미국 대통령은 철군에 따른 혼란은 불가피한 일이었다고 항변했습니다. 바이든 대통령은 현지시간 18일 ABC와 단독 인터뷰에서 아프간이 탈레반에 함락된 뒤 처음으로 미군 철수를 옹호하면서 혼란은 불가피했다고 주장했습니다. 바이든 대통령은 다만 ""우리가 몰랐던 것 중 하나는 탈레반이 사람들이 빠져나가지 못하게 무언가를 할 것이라는 점이었다""며 ""하지만 탈레반은 미국 시민과 외교관 등이 대피하도록 협조하고 있다""고 덧붙였습니다. 바이든 대통령은 또 ""만약 아프간에 미국인이 남아 있다면 우리는 그들이 모두 빠져나갈 때까지 머무를 것""이라고 말했습니다."
5,20210721,"[단독] 국방부 감사관실, 내일부터 청해부대 집단 감염 전방위 감사 착수",https://imnews.imbc.com/news/2021/politics/article/6288119_34866.html,"국방부 감사관실이 사상 초유의 군 내 집단 감염 사태와 관련해, 내일(22일)부터 다음달 8일까지 전방위 감사에 착수합니다. 감사 대상 기관에는 청해부대와 국군의무사령부, 이외에도 해군본부와 해군 작전사령부, 합동참모본부, 국방부 관련 부서 등이 포함됐습니다. 국방부 감사관실은 청해부대가 함정 내 집단 감염에 대한 초동 대처를 제대로 했는지, 또 지휘 권한을 가진 합참과 해군작전사령부의 대응은 적절했는지를 집중적으로 들여다 볼 계획인 것으로 알려졌습니다. 청해부대는 함정에서 감기 증상 환자가 100명 넘게 발생할 때까지 코로나19 감염을 의심하지 않고 감기약 처방만 했고, 첫 환자가 발생한지 열흘이나 지나서야 합참에 정식 서면 보고했습니다. 감사관실은 합참이 감기 증상 환자가 속출하는 상황을 알고 있었는지, 이후 어떤 조치를 취했는지를 조사할 계획입니다. 감사 대상에는 국군 의무사령부도 포함됐습니다. 의무사는 감기 증상 환자가 속출하는 상황에서 청해부대원들을 원격 진료한 뒤 감기로 판단하고 별다른 조치를 하지 않은 것으로 알려졌습니다. 청해부대에 백신을 적극적으로 공급하지 않았다는 논란과 관련해서도 집중 감사가 진행됩니다. 감사관실은 국방부와 합참 관련부서를 상대로 직무유기가 없었는지 따져 물을 방침인 것으로 알려졌습니다. 전체 부대원의 90%가 감염되는 사상 유례없는 집단 감염 사태가 발생한 만큼, 감사 결과에 따라 관련자들에 대한 징계는 불가피할 것으로 예상됩니다. [정동훈 기자/jdh@mbc.co.kr]"
6,20210628,[MBC 뉴스데스크 주요뉴스] 감사원장 초유의 '중도 사퇴' - 최재형 감사원장 중도 사퇴…임기 채우지 않고 정치에 직행하는 첫 감사원장으로 기록될 듯. 정치 중립성 훼손 논란,https://imnews.imbc.com/news/2021/society/article/6282202_34873.html,"▶ 감사원장 초유의 '중도 사퇴' 최재형 감사원장 중도 사퇴…임기 채우지 않고 정치에 직행하는 첫 감사원장으로 기록될 듯. 정치 중립성 훼손 논란 ▶ 여당 후보 단일화 시동 정세균·이광재, ""7월5일까지"" 컷오프 전 단일화 합의 ▶ [단독] 코인 '상장 수수료' 수억 원 거래소, 잡코인 상장 대가로 코인 업체로부터 억대 수수료 받아…계약서 확인 ▶ 돌파감염 의심 잇따라 접종 후 확인된 돌파감염 총 44명…얀센 접종한 인피니트 김성규도 추정사례 ▶ 차별금지…석박사도 동일임금? 차별금지법에서 학력 차별 빼달라는 교육부.. 기업들은 ""석박사 임금 더 못준다""고 반발 차별금지법을 둘러싼 논란…사실은? ▶ 이재영·다영 선수 복귀? ""말도 안 돼"" 학폭 논란 일으킨 이재영·이다영 자매 사건 넉 달 만에 복귀 추진 피해자들 ""10년이 지난 지금도 매일매일이 악몽이고 지옥""…처음으로 직접 심경 밝혀 ▶ 주말부터 변덕 장마 7월 2일 전후 제주부터 장마 4일 이후 내륙으로 확대…'지각장마'에 요란하고 강한 폭우 예상"
7,20210623,"[MBC 뉴스데스크 주요뉴스] 수술실 CCTV 설치법 또 보류…수술실 CCTV 설치법안 국회 상임위 소위 또 통과 못해…야당 ""좀 더 신중한 논의 필요""…국민 80% 동의하는데도 의사협회는 세계의사협회에까지 '법안 반대' 요청",https://imnews.imbc.com/news/2021/society/article/6281085_34873.html,"▶ 수술실 CCTV 설치법 또 보류…수술실 CCTV 설치법안 국회 상임위 소위 또 통과 못해…야당 ""좀 더 신중한 논의 필요""…국민 80% 동의하는데도 의사협회는 세계의사협회에까지 '법안 반대' 요청 ▶ [단독] ""성추행 피해자 우리 부대 온다""…숨진 이 중사 부대 옮긴 뒤에도 2차 가해 시달려…알고보니 대대장과 중대장이 부대원들에게 ""성추행 피해자가 우리 부대 온다""고 밝혀 ▶ 성매매 삽화에 '조국 부녀'…조선일보, 성매매 미끼로 금품 훔친 절도범 기사에 조국 전 장관 부녀가 묘사된 삽화 사용…사과문 올린 조선일보 ""모르고 그랬다"" ▶ 만취운전 中 외교관 ""면책특권""…광주 중국총영사관 외교관 만취 운전 적발…""공무 수행 중""이었다며 면책특권 주장 ▶ 수술실 메스 던진 의사…부산대병원 교수 수술실에서 수술용 칼 집어던지고 폭언…피해 간호사들은 여전히 가해 교수와 함께 일해 ▶ 때아닌 '우박'에 쑥대밭 ▶ 상습적인 '새벽 환불'"
8,20210622,"[MBC 뉴스데스크 주요뉴스] [단독] 군경찰 '총장 직속'으로…국방부, '제식구 감싸기' 비판에 수사 조직 개편안 마련…부대마다 있는 군사 경찰과 군사 검찰을 없애고, 육군, 해군, 공군 참모총장 직속 수사단 만들기로",https://imnews.imbc.com/news/2021/society/article/6280774_34873.html,"▶ [단독] 군경찰 '총장 직속'으로…국방부, '제식구 감싸기' 비판에 수사 조직 개편안 마련…부대마다 있는 군사 경찰과 군사 검찰을 없애고, 육군, 해군, 공군 참모총장 직속 수사단 만들기로 ▶ [단독] 대출 끼워팔기 '본사' 문건에…소상공인 대출에 금융상품 끼워팔기, 본사 지침 아닌 직원 실수라던 하나은행…끼워팔기 실적 직원 평가 점수로…본사 문건 단독 입수 ▶ ""X파일은 정치공작""…윤석열 ""괴문서 여당개입했다면 불법사찰…정치공작 말고 공개하라""…장모 주가조작 의혹엔 ""정치공작 연장선 의심""…여당 ""자기의혹엔 과민…비겁한 정치, 국가지도자 되려면 당당히 검증 받아야"" ▶ '새우튀김 갑질' 후폭풍…새우튀김 1개 환불 집요한 요구에 뇌출혈로 쓰러진 업주 사망에 거센 분노…쿠팡이츠 ""진심으로 사과…갑질 고객 대응팀 만들겠다"" ▶ 구속 이상직 수당 2천만원…'구속 두 달째' 이상직, 국회의원 수당 2천여만원 받아…매월 기본수당 756만원·입법활동비 313만원…국회 ""관련법 따라 지급""…시민단체 ""관련 법령 전면 개정 필요"" ▶ 6개월 간 학대 1100번…구미 어린이집 아동학대 사건 수사 2년 5개월여 만에 마무리…원아 7명 상대로 6개월 간 1100번 학대…원장·교사 10명 검찰 송치 ▶ 커지는 '델타 변이' 위협…모스크바 확진자 90% 델타 변이 감염…델타변이, 기존 변이보다 전염력 최대 70% 높아…당국 ""백신접종 완료하면 델타변이 감염·중증진행 상당히 억제"""
9,20210614,"[MBC 뉴스데스크 주요뉴스] ""상반기 1천 3백만명 접종"", 전 국민의 23% 접종…이번 주 중 상반기 목표 달성",https://imnews.imbc.com/news/2021/society/article/6278300_34873.html,"▶ ""상반기 1천 3백만명 접종"" - 전 국민의 23% 접종…이번 주 중 상반기 목표 달성 ▶ [단독] 故 이 중사 육성 공개 - 유가족, 이 중사 생전 통화 MBC에 전달…상담관도, 법무관도 더 이상 도와주지 않았던 정황 담겨 ▶ 한일정상회담 깨진 이유는 - G7 기간 한일간 정상 회담 끝내 무산…회담 무산 이유 놓고도 한일 양국 설명 엇갈려 ▶ '물백신' 맞힌 국군병원 - 국군대구병원 백신 투약 사고…21명 접종자 중 6명은 식염수 맞았는데 문제는 6명이 누구인지 모른다는 것. ▶ 주차원 폭행한 미군…영어 못해서? - 홍대 앞 주차장에서 미군이 관리원 마구잡이 폭행. ""영어 못한다고 했더니 폭행"" ▶ 대낮 식당에 차량 돌진 '날벼락' - 오늘 낮 서울 은평구의 한 식당에서 식사를 마친 운전자가 주차된 차량을 빼려던 중 후진해 식당 안으로 돌진. 11명 부상. 운전자는 '급발진' 주장. ▶ IT 약진…네이버·카카오 시총 다툼 - 코스피 일주일만에 또 사상 최고…카카오 한때 시총 3위 올라"
10,20210611,"[MBC 뉴스데스크 주요뉴스] ""정치사에 남을 큰일""…30대 제1야당 대표에 대한 기대와 우려는?",https://imnews.imbc.com/news/2021/society/article/6272298_34873.html,"▶ ""정치사에 남을 큰일"" - 30대 제1야당 대표에 대한 기대와 우려는? ▶ 2년 전 '붕괴'도 아직… - 이번 광주 사고와 판박이처럼 똑같은 2년 전 잠원동 붕괴 사고. 결혼 반지를 찾으러 가던 예비 신부가 숨졌고, 예비 신랑은 중상을 입은 그 사건의 가족들은 여전히 고통 속에서 지내고 있었다 ▶ ""수술 장면 보니 안심"" - 대리수술 의혹 사건이 잇따라 터진 상황에서 수술실 내부에 CCTV를 선제적으로 설치하는 병원이 생겨나고 있는데…소극적 수술 우려? 그런 건 없었다 ▶ [단독] '엘시티 검사들' 수사 - 엘시티에 대한 검찰의 봐주기 수사 의혹에 대해 공수처가 정식 수사하기로 ▶ 이번엔 자위대의 '독도 도발' - 자위대 영상에 등장한 '다케시마', 독도를 분쟁 지역의 하나로, 동북아 안보에 위협이 되는 곳으로 지정해놓았다는데… ▶ ""말 안 듣는다""는 이유로 5살 아이를 또… - 엄마의 동거남으로부터 학대 당한 5살 남자 아이가 중태에 빠졌는데…학대가 두 달간 지속됐지만 도와주는 어른은 없었다 ▶ ""보복 두려워 마스크는…"" - 여성인척 접근해 남성 1천 여 명의 알몸 영상을 불법 녹화하고 판매한 29살 김영준. 범행은 대범했지만 ""피해 남성들의 보복이 두렵다""며 마스크를 벗진 않았다는데…"
11,20210609,"[MBC 뉴스데스크 주요뉴스] 건물 붕괴…시내버스 매몰, 현재 확인된 피해자는 탑승객 12명 중 8명 중경상…필사의 구조 현장 연결",https://imnews.imbc.com/news/2021/society/article/6260347_34873.html,"▶ 건물 붕괴…시내버스 매몰 - 현재 확인된 피해자는 탑승객 12명 중 8명 중경상…필사의 구조 현장 연결 ▶ 해외여행 '청사진' 나왔다 - 7월부터 싱가포르·사이판·괌의 문 열릴 듯 - 프랑스는 한국을 왜 '녹색 국가'로 분류했나 ▶ 사실상 첫 공개 행보 윤석열, ""차차 알게 될 것""이란 모종의 발언과 함께 '10원 한 장 피해 준 적 없다'는 장모님 질문엔 '침묵' ▶ [단독] 국선변호인의 '웃음' - 공군 이 중사의 국선변호인이 이 사건을, 피해자인 이 중사를 어떻게 대했을지, 짐작할 수 있다…MBC가 입수한 녹취 파일에는 무슨 말이? ▶ 여자인 척 '영상 통화' - 여성인 척 영상통화를 하며 녹화한 남성 1천 3백여 명의 나체 영상을 불법 유포한 사건의 가해자가 여장 남성? ▶ 150억 원 들여 항구 만들었더니…'다시마 건조대' 됐다 ▶ 18년 만에 알츠하이머 신약 승인…마침내 '치매 치료' 길이 열릴까"
12,20210607,[MBC 뉴스데스크 주요뉴스] 면담 '0회' 국선변호인…공군 법무실 소속 군법무관이 이 중사의 국선 변호인? 면담은 없었다,https://imnews.imbc.com/news/2021/society/article/6248697_34873.html,"▶ 면담 '0회' 국선변호인 - 공군 법무실 소속 군법무관이 이 중사의 국선 변호인? 면담은 없었다 ▶ [단독] ""이 중사 사진 돌려봤다"" - MBC가 단독 입수한 국선변호인에 대한 유가족의 고소장. 공군본부 법무실 관계자들이 이 중사의 사망 전후 사진을 돌려보며 '얼굴 평가'까지 했다는 충격적인 증언까지… ▶ 법정 평온 위해 '기습 판결' 했다? ""황당해서 말문이 막힌다""는 비판에 오른 재판부, 그들의 정체는? - 위안부 피해자들에게 패소한 일본에게 '소송비용을 부담하지 않아도 된다'고 했던 서울중앙지법 민사합의34부, 그들은 왜 또 이런 판결을? ▶ [단독] 멱살에 욕설 퍼부었는데도 '승진' - 문제의 주인공은 카카오의 최고위급 임원. 직원의 멱살을 잡고 폭언을 퍼부었는데 지금은 버젓이 자회사 대표로 영전했다는데… ▶ [단독] 은행돈도 아니면서 나랏돈으로 '갑질'한 은행이 있다니… - 코로나19로 절벽에 부딪친 소상공인들을 위해, 정부가 저금리로 정책 대출을 해주고 있는데, 유행 은행이 소상공인들의 절박한 심정을 악용해 갑질 영업을 한 것으로 드러났는데… ▶ 택배기사가 신의 직업? - ""주 5일 근무 월 700만 원""…'신의 직업' 만들라는 택배노조? 한 경제지의 이 기사는 과연 믿을 수 있는가? ▶ '892채' 빌라왕의 정체는? - 자기 돈은 거의 안 들이고 빌라 수백 채를 사들인 '빌라왕' 43살 김 모 씨. 세입자들을 울리는 나쁜 집주인 집중 해부"
13,20210604,"[MBC 뉴스데스크 주요뉴스] 80분 만에 '경질'…공군참모총장 사의 표명 후 80분만에 즉각 처리…공군본부와 성폭력이 발생한 20전투비행단, 이 중사의 소속부대였던 15비행단 등에 대한 동시다발 압수수색",https://imnews.imbc.com/news/2021/society/article/6236647_34873.html,"▶ 80분 만에 '경질' 공군참모총장 사의 표명 후 80분만에 즉각 처리…공군본부와 성폭력이 발생한 20전투비행단, 이 중사의 소속부대였던 15비행단 등에 대한 동시다발 압수수색 ▶ 들통 난 '거짓말' - 이 중사가 20비행단 관사에서 싸늘한 주검으로 발견된 당일 아침 골프 친 관련자 없다더니 말 바꾼 공군 ▶ 승진한 이성윤, 검찰인사 의미는? - 서울고검장 이성윤, 사법연수원 부원장으로 보임된 한동훈, 어떻게 바라봐야 할까? ▶ 백신 접종 100일…1호 접종자들이 말하는 일상은 어떻게 달라졌을까 ▶ [단독] 총파업 예고한 타워크레인 - 인명사고가 지속적으로 발생하자 타워크레인 조종사들이 정부에 안전대책을 요구하며 총파업을 예고했는데… ▶ 프로포폴 불법 투약 혐의 이재용 약식기소 ▶ 제주도 호텔 안에서 벌어진 '묻지마 폭행'"
14,20210603,"[MBC 뉴스데스크 주요뉴스] [단독] ""성폭력 최소 2번 더""…이 중사가 또 다른 군 간부들로부터 최소 2차례 강제 추행을 당했다며 유족들이 고소장을 제출했는데",https://imnews.imbc.com/news/2021/society/article/6231097_34873.html,"▶ [단독] ""성폭력 최소 2번 더"" - 이 중사가 또 다른 군 간부들로부터 최소 2차례 강제 추행을 당했다며 유족들이 고소장을 제출했는데… ▶ [단독] ""군이 내 딸을 죽게 했다"" - 너무나 군인이 되고 싶었다는 딸, 지금은 주검이 돼버린 딸에게 수의 대신 군복을 입혔다는 이 중사 부모님을 왕종명 앵커가 국군 수도병원으로 찾아가 직접 만났는데… ▶ 정찬민 의원 사전구속영장 신청 - 용인시장 시절 땅을 사들이는 과정에서 시장의 지위를 이용해 부당하게 이득을 챙겼다는 의혹을 받고 있는 정찬민 의원…사전구속영장에 담긴 혐의는 뇌물 수수? 인허가 특혜? ▶ [단독] 카카오 '근무일지' 보니… - 월 310시간 살인적 노동에 초과 근무를 한 임산부가 13명이나 됐다는데… ▶ 전국민 재난지원금 '공감' - 문재인 대통령이 초선 의원들과 만난 자리에서 '전국민 재난지원금 지급'에 공감의 뜻을 밝힌 것으로 확인…'여름 휴가철 전국민 재난지원금 추진'에 속도 붙나? ▶ 어느 청소노동자의 죽음 - 서울 용산구의 도로에서 쓰러진 청소노동자. 이곳 청소업체 노동자들은 왜 근로계약서 상 근무시작 시간보다 1시간 일찍 출근을 해야 했을까? ▶ 밤길 자전거 만취 차량에 2명 사망 '참변'"
15,20210531,[MBC 뉴스데스크 주요뉴스] 전국민 재난 지원금 본격 검토…추석 전이 아닌 여름 휴가철 지급 가능성도,https://imnews.imbc.com/news/2021/society/article/6213200_34873.html,"▶ 해운대가 해방구? 폭죽 난동에도 '과태료 0' -미국의 현충일인 '메모리얼 데이' 연휴를 즐기겠다며 2천명 넘는 주한미군과 외국인들이 술 마시고 춤추고 폭죽까지 쏘며 난동을 부렸는데…취할 수 있는 조치가 없다? ▶ 네이버 직원의 예견된 죽음? 비극의 씨앗은? -지난주 네이버 직원이 숨진 사건을 보도하자, IT업계 종사자들의 제보가 이어졌는데… ▶ AI 멋대로? 눈 뜨고 코 베어가는 음식 배달 수수료 -배달의 민족, 요기요 같은 업체들의 인공지능, AI가 계산한 거리가 실제 기사들이 이동한 거리에 비해 턱없이 짧은 경우가 많았다는데, 실험을 통해 따져봤더니… ▶ [단독] 혼인신고 날 숨진 여군…""용서할 수 없어요"" -혼인 신고를 하던 날, 스스로 세상을 등지는 장면을 동영상으로 남긴 여군, 대체 무슨 일이 있었던 걸까. ▶ 중국 ""자녀 3명까지 허용""…저출산에 산아제한 추가 완화 ▶ 윤석열, 국민의힘 권성동 의원 일행이 대선 출마를 제안하자 고개를 끄덕였다?"
16,20210529,"MBC 보도 '선원 노예계약·수장' 중국 선단, 미국이 해산물 수입 금지 조치",https://imnews.imbc.com/news/2021/world/article/6203147_34880.html,"바이든 행정부, 선원 인권 침해한 중국 선단이 어획한 해산물 수입 '전면 금지' 조 바이든 미국 행정부가 선원들의 인권 침해를 저지르며 조업을 한 중국 선단 전체가 어획한 해산물 수입을 전면 금지했습니다. 문제가 된 선단은 남태평양 사모아 인근 해상에서 인도네시아 선원들을 상대로 가혹하게 노동을 착취 하고, 병에 걸린 선원들의 치료를 장시간 외면한 뒤 이들이 숨지자 태평양에 던져 수장시킨 사실을 MBC가 지난해 5월 단독 보도한 업체입니다. --------------- **관련 기사** [단독] ""하루 18시간 노역…병들어 숨지면 바다에 버려(2020년 5월 5일 MBC 뉴스데스크) https://imnews.imbc.com/replay/2020/nwdesk/article/5757997_32524.html ""수장·노예계약"" 끔찍한 인권실태…해경 수사 착수(2020년 5월 6일 MBC 뉴스데스크) https://imnews.imbc.com/replay/2020/nwdesk/article/5760750_32524.html --------------- 미국, 강제노동 이유로 신장 면화 수입 금지한 데 이어 중국 해산물도 문제 삼아 이번 조치는 캐서린 타이 미 무역대표부(USTR) 대표와 류허 중국 부총리가 지난 26일 첫 통화를 갖고 무역 현안을 논의한 지 불과 이틀 만에 나왔습니다. 소수민족 탄압과 강제노동 등을 명분으로 미국 정부가 중국 신장 지역 면화 등에 대해 수입을 금지시킨 연장선으로 풀이됩니다. 미국 세관국경보호국(CBP)은 현지시간 28일 중국 다롄오션피싱의 선단 전체가 어획한 해산물에 대한 수입을 금지한다고 밝혔다고 로이터통신이 보도했습니다. 다롄오션피싱은 33척의 참치 어선을 운용하고 있습니다. 미국 세관국경보호국 ""중국 선단에서 인도네시아 노동자들 강제 노역…가혹 행위 당해"" CBP가 밝힌 수입 금지 사유는 해당 선단 어선에서 많은 인도네시아 노동자들이 강제 노역을 하고 있다는 것이었습니다. 조사 결과 해당 선단에 고용된 인도네시아 노동자들이 예상과 너무 다른 조건에서 일하거나 물리적 폭력과 임금 착취, 부채를 갚기 위해 노예처럼 일하는 등의 가혹 행위 환경에 놓여 있었다고 설명했습니다. ""해당 선단이 잡은 참치 등 해산물은 물론 가공 식품도 반입 금지"" 이에 따라 이들 선단에서 잡은 참치와 황새치 등의 해산물은 물론, 참치 통조림이나 애완동물용 사료 등 이 업체 해산물이 함유된 제품이 미국에 입항하는 즉시 인도보류명령이 적용될 것이라고 CBP는 밝혔습니다.미국 정부 ""개별 선박 아닌 특정 선단 전체 수입 금지는 처음…원양어선 강제 노역 계속 조사할 것"" 알레한드로 마요르카스 국토안보부 장관은 CBP가 개별 선박을 겨냥했던 이전과 달리 특정 선단 전체에 대해 수입을 금지한 것은 처음이라고 밝혔습니다. 그는 ""국토안보부는 원양어선과 다양한 업종에 의한 강제 노역에 대한 적극적인 조사를 계속할 것""이라며 ""생산자와 미국 수입업자는 노동력 착취 기업이 미국에서 상품을 판매하는 것에는 결과가 따를 것이라는 점을 알아야 한다""고 말했습니다. 타이 대표도 최근 어선 강제 노역에 주목해 불법 조업에 대해 보조금을 제한하고 회원국이 이 문제를 인식하도록 하는 제안서를 세계무역기구(WTO)에 제출했었습니다. ""신장 면화 수입금지 이어 미중 관계 경색되는 계기 될 수도"" CBP에 따르면 해당 업체로부터의 미국 수입액은 2020년 회계연도 기준으로 약 23만3천 달러, 우리돈 약 2억6천만 원에 불과합니다. 하지만 최근 신장 지역 면화 수입 금지 등 강제노역 주장에서 비롯된 문제는 경색된 미중 관계를 일촉즉발의 상황으로 몰고 있다고 로이터는 전했습니다. 앞서 도널드 트럼프 전 행정부는 지난 1월 중국 정부가 이슬람교를 믿는 소수민족인 위구르족을 수용소에 입소시켜 강제노역을 시키는 인권탄압을 자행한다는 의혹을 제기하면서 이 지역 생산 면화와 토마토 가공품 수입을 전면 금지했습니다."
17,20210521,"日 모테기 외무상 ""쿼드 확대 논의 전혀 없다""",https://imnews.imbc.com/news/2021/world/article/6185698_34880.html,"중국 견제에 뜻을 같이하는 미국과 일본, 호주와 인도 등 4개 나라 협의체인 `쿼드`에 한국이 참여할지가 국제적 관심사로 떠오른 가운데 모테기 도시미쓰 일본 외무상이 쿼드의 틀을 확대하기 위한 논의가 전혀 진행되지 않고 있다고 말했습니다. 모테기 외무상은 오늘 자 니혼게이자이신문과의 단독 인터뷰에서 쿼드 체제에 한국 등을 합류시킬 생각이 있는지를 묻는 말에 ""쿼드 체제 자체를 넓히려는 논의는 전혀 없다""고 잘라 말했습니다. 쿼드 확대를 둘러싼 모테기 외무상의 이 발언은 미국 백악관에서 현지시간 21일 예정된 한미 정상회담과 맞물려 주목됩니다. 젠 사키 백악관 대변인도 현지시간 20일 브리핑에서 바이든 대통령이 문 대통령에게 쿼드 참여를 요청할 계획이 있느냐는 질문에 ""쿼드는 이미 네 개 회원국이 존재한다""며 ""쿼드 멤버십의 변화에 대해 예측하거나 예상할 것은 없다""고 답했습니다."
18,20210517,[단독] 평택항 사고 전 마지막 감독은 2019년…5년간 3차례 그쳐,https://imnews.imbc.com/news/2021/society/article/6182198_34873.html,"故 이선호 군이 사고로 숨진 평택항에 대해 사고 전 고용노동부 근로감독관이 벌인 현장감독은 지난 2019년이 마지막이었던 것으로 확인됐습니다. MBC 취재 결과, 평택항에 대한 고용당국의 현장 감독은 최근 5년간 세 차례로, 지난 2016년과 2017년, 2019년이었습니다. 이후 지난달 22일 故 이선호 군이 목숨을 잃었고 사고 나흘 뒤인 26일 뒤늦게 감독이 이뤄진 겁니다. 고용당국은 사고가 많은 건설업과 제조업 등 일부 업종에 업무가 치중될 수밖에 없었다고 설명했습니다. 이와 관련해 국회에는 항만에 해양수산부 소속 안전감독관을 두고 사업자를 감독하자는 취지의 일명 '항만 김용균법'인 항만운송사업법 일부개정안이 발의됐습니다. 하지만 고용노동부 근로감독관의 ""업무와 비슷하고 직무가 명확하지 않은데 안전 전담 인원을 늘리는 것이 적절하냐""는 반대 의견에 부딪혀 현재 국화에서 계류 중입니다."
19,20210422,[단독] 남성 1천여 명 불법촬영 나체 영상 SNS 유포…이름에 직업까지,https://imnews.imbc.com/news/2021/society/article/6157404_34873.html,"'소개팅 앱'으로 만난 여성…영상통화 중 벌어진 일 남성 A씨는 얼마 전 위치 기반 소개팅 앱에서 한 여성을 알게 되었습니다. '자취를 하고 있다'며 자신을 소개한 이 여성은 불과 8km 떨어져 있었고, A씨는 호감을 표시했습니다. 여성은 ""SNS에서 만남을 이어가자""며 영상통화를 할 수 있는 한 SNS 계정을 알려주었습니다. 영상통화를 이어가던 여성은 A씨에게 음란행위를 유도했습니다. 여성 자신도 음란행위를 하면서 영상통화를 했기 때문에, A씨는 별다른 의심을 하지 않았습니다. 여성의 이상한 요구…""혹시, 몸캠 피싱?"" 그런데 대화를 이어나가던 여성의 요구가 좀 이상해졌습니다. ""특정 신체부위가 보이도록 자세를 취해달라""거나 ""앉은 자리에서 소변을 봐 달라""는 등, 단순한 음란 채팅의 범위를 넘어서는 엽기적인 요구였습니다. A씨는 혹시 '몸캠 피싱'은 아닐까, 이상한 생각이 들어 수소문을 해봤더니, 피해를 본 건 A씨 뿐만이 아니었습니다.해외 음란사이트에서 발견한 진실…""내가 만난 그 여성이"" 피해 남성들은 해외 음란사이트를 검색했습니다. 결과는 충격적이었습니다. 같은 자세와 행동을 요구하고 영상 속 목소리도 비슷한, 동일인의 소행으로 추정되는 영상들이 줄줄이 업로드되어 있었던 겁니다. 내 얼굴과 신상정보가 담긴 영상이 어디선가 유포되고 있고, 얼마나 많은 사람들이 그 영상을 봤을지 가늠조차 어려운 상황. 피해 남성들은 자신도 모르는 사이에 벌어진 일이어서 더 두려웠다고 합니다.""4개에 10만 원"" 불법촬영 영상 속 평범한 남성들 A씨는 문제의 여성이 녹화했을 음란 영상을 구할 수 있는 방법을 찾아봤습니다. 성인사이트는 물론 트위터와 온라인 카페까지, 보이는 곳마다 수소문을 했습니다. 그러던 중, 영상을 구매했다는 B씨와 연락이 닿았습니다. B씨는 영상 4개를 10만 원에 구매했다고 했습니다. 구매한 묶음에는 평범한 남성의 일상 사진 수십 장과 알몸으로 음란행위를 하는 사진과 영상들이 포함돼 있었습니다. 영상 속 남성들은 모두 얼굴을 드러내고 있었고, 심지어 이름이 새겨진 군인 정복을 입은 채로 등장하기도 했습니다. A씨는 아예 '남성 음란물' 구매자로 가장해 영상 목록을 구해보기로 했습니다. 트위터를 수소문하니 ""남성의 음란행위 영상을 판매한다, 원한다면 쪽지를 보내달라""는 계정이 여럿 발견됐습니다. 판매자는 ""개당 1~2(만 원)이다, 여러 개를 구매하면 할인도 된다""며 영상 목록을 보내왔습니다.유포영상 1,257개 리스트 입수…하나같이 '엽기적 자세' MBC는 트위터에서 판매·유통 중인 영상 리스트 중 일부를 입수했습니다. 영상은 모두 1,257개. 대다수가 남성이 영상통화 중 음란행위를 하는 것을 녹화한 것입니다. 리스트를 보면, 불법 촬영된 영상의 주요 장면을 캡처해서 '미리 보기'의 형태로 제공하고 있었습니다. 얼굴과 나체가 포함된 9개 안팎의 사진을 보여준 뒤, 원하는 영상을 고르는 방식입니다. 리스트의 '미리 보기' 화면에는 공통점이 있었습니다. 음란 채팅을 하는 남성들. 하나같이 몸을 억지로 구부리고 양손을 이용해, 동일한 자세로 특정 신체 부위를 노출하고 있었습니다. 일부러 우스꽝스러운 얼굴 모양을 취하는 모습도 있었습니다. 영상통화를 하며 엽기적인 행동을 요구하고 녹화하는, 동일범의 소행일 가능성이 높았습니다. 아주 일부는 촬영에 동의한 듯한 영상도 있었지만, 얼굴이 고스란히 담긴 영상을 유포하고 판매하는 행위까지 동의한 것은 아닐 게 분명했습니다."
20,20210328,[단독] 박형준 정무수석 시절 국정원 '사찰 문건' 원문 공개 ③,https://imnews.imbc.com/news/2021/politics/article/6131600_34866.html,"청와대 보고 국정원 사찰 문건 연속 공개 MBC는 민주노총 법률원과 언론노조 등의 협조를 얻어 이명박정부 국정원이 청와대에 보고한 70여 건을 입수했습니다. 이들 문건 하단에는 배포처가 적혀있는데 대통령실장과 정책실장, 정무수석, 민정수석, 사회정책수석 등입니다. 이렇게 배포처에 '정무수석'이 적시된 문건은 15건입니다. 이 가운데 14건은 현재 국민의힘 박형준 부산시장 후보가 정무수석으로 재임하던 시기였고 1건은 국민의힘 정진석 의원이 정무수석에 재임하던 때였습니다. 국정원 2차장 산하 국익전략실이 작성해 청와대에 보고한 이 문건들에는 국정원의 권한과 직무범위를 벗어난 각종 사찰 정보와 정치 관여 및 공작 계획 등이 담겼습니다. MBC는 그 원문을 차례로 공개하고 있습니다. '박형준 정무수석'이 관여한 정황이 확인된 문건은 이번까지 공개합니다. 앞선 두 차례는 아래 링크를 참고해주시면 됩니다. [단독] 박형준 정무수석 시절 국정원 '사찰 문건' 원문 공개 ① https://imnews.imbc.com/news/2021/politics/article/6128854_34866.html [단독] 박형준 정무수석 시절 국정원 '사찰 문건' 원문 공개 ② https://imnews.imbc.com/news/2021/politics/article/6129800_34866.html 국정원, '철도노조' 문건을 정무수석에게 보낸 이유?""철도노조·민노총간 공조활동 강화에 면밀 대처"" 문건 -2010년 2월 10일 청와대 수신, 2월 12일 파기. 국정원은 당시 철도노조가 민주노총 ""4월 총파업의 전위대를 자임""하며 ""투쟁 수순밟기에 돌입""하고 있다고 적었습니다. 그러면서 회사 측과 정치권의 대응 지침을 제시합니다. ""사(使)측은 지난해 불법(不法)파업 관련 진행중인 파업참가자 징계 절차를 조속히 마무리하는 한편, 강성 조합원 대상 근태관리 노력을 배가""하라고 돼 있습니다. 또 ""조합비 인상 문제를 계속 부각, 집행부에 대한 반감을 촉발한다""는 내용도 있었습니다. 이 문건의 배포선에 당시 박형준 정무수석이 포함된 이유는 정무수석의 주요 업무인 정치권 대응 전략이 들어가 있었기 때문으로 보입니다. ""민노총과 야당의 국정조사 추진에 따른 대응논리 적극 개발과 함께 부당성을 집중 전파, 파업을 둘러싼 이슈화 기도를 차단""해야 한다는 대목이 그렇습니다. '세종시 수정안 처리', '공무원노조 와해'…국정원의 국정 현안""차주 국정(國政)현안 및 관심 사항"" -2010년 2월 17일경 청와대 수신, 23일 파기 이명박 대통령의 취임 2주년을 앞두고 국정원은 ""대통령(大統領)의 리더십·치적 홍보와 함께 국회(國會) 민생법안 처리 등으로 국정지지 외연을 더욱 넓혀가야""한다고 강조합니다. 그러면서 국정홍보 계획, 쟁점법안 처리 전략, 방송사 노조와 공무원 노조 대상 공작 방침까지 작성해 청와대에 보고했습니다. 우선 필요한 건 전략적 홍보. ""경제위기를 극복하고 국격(國格)을 제고한 치적을 공유하는 호기가 될 것""이라고 썼습니다. 야당의 비판은 ""좌파(左派)정부 잃어버린 10년을 부각, 적반하장(賊反荷杖)으로 역공""하면 된다고 조언합니다.친박 '조준' ""의총으로 명분 쌓고 세 대결 대비"" 특히 중요한 국정 목표는 세종특별시법 개정안 처리. 당시 친박계 의원들의 당내 반발이 심상치 않던 때였습니다. 국정원은 ""친박(親朴)측의 반발 등 파열음 분출 소지""가 있으니 ""의총(議總)등 내부 논의 과정을 가속화, 절차적 정당성 등 명분 확보""가 필요하다고 분석했습니다. 이어 ""지지 그룹의 내부결속을 다지면서 중도파 의원 개개인 별로 맞춤형 설득을 병행, 본격적 인 세(勢)대결에 대비""할 것을 요구합니다. 당정 관계 조율은 청와대 정무수석의 핵심적인 업무입니다. 이 때문에 국정원은 '정무수석'을 배포처에 포함했던 것으로 추정됩니다. 이에 대해 박 후보 측은 25일 구체적인 답을 하지 않고 ""관련 보고를 받지 않았다""는 기존 입장을 재차 전해왔습니다."
21,20210326,[단독] 박형준 정무수석 시절 국정원 '사찰 문건' 원문 공개 ②,https://imnews.imbc.com/news/2021/politics/article/6129800_34866.html,"청와대 보고 국정원 사찰 문건 연속 공개 MBC는 민주노총 법률원과 언론노조 등의 협조를 얻어 이명박정부 국정원이 청와대에 실제 보고한 70여 건을 입수했습니다. 이들 문건엔 배포 대상이 하단에 적혀있는데, 주로 청와대 대통령 실장과 정책실장, 정무수석, 민정수석, 사회정책수석이 대상이었습니다. MBC는 이와 같이 '정무수석'이 배포처에 적시된 문건을 15건 확보했는데 이 가운데 14건은 현재 국민의힘 박형준 부산시장 후보가 정무수석으로 재임하던 시기였고, 1건은 국민의힘 정진석 의원이 정무수석에 재임하던 때 청와대에 보내졌습니다. 국정원 2차장 산하 분석 파트인 국익전략실이 작성해 청와대에 보고한 이 문건들에는 국정원의 권한과 직무범위를 벗어난 사찰 정보와 정치 관여 및 공작 계획 등이 담겼습니다. MBC는 그 원문을 차례로 공개합니다. 박형준 정무수석 시절 배포된 철도 파업 '와해' 공작 문건'""공공(公共)부문 노조간부 신속 사법처리로 투쟁 무력화"" - 2010년 2월 16일 청와대 수신, 2월 18일 파기. 국정원은 문건 작성 전년인 2009년의 ""불법(不法)파업 행위로 고소 상태에 있는 파업 주동자(243명) 대상 사법처리 속도 배가로 노조의 투쟁동력 복원 차단 긴요""하다고 청와대에 보고했습니다. 이는 2009년 파업에 돌입했던 철도노조를 겨냥한 내용입니다. 국정원은 ""철도노조 간부 상당수가 불구속 수사를 받거나 소환요구에 불응한 채 여전히 투쟁의 중심""에 있다고 불쾌해하며, '투쟁 불씨가 되살아날 수 있다'고 보고 강경 대응 지침을 주문했습니다. 국정원의 지침 대상은 수사기관과 언론, 회사를 망라했습니다. ① 수사기관이 ""핵심 인물에 수사역량을 집중하고 출석요구 불응자에 대해서는 체포영장을 청구, 압박활동 배가""할 것, ② ""주요 언론은 통해 산하 대형 노조를 총파업 투쟁의 전위대로 삼으려는 민주노총의 의도를 적극 부각, 현장 노조원들의 거부감 촉발""할 것. ③ 회사인 철도공사는 ""강성 조합원에 대한 노무관리 강화로 활동력을 위축시키는 한편 근무 시간중 무단이석 등 사규위반 여부를 면밀 점검, 엄정 징계""할 것. 문건을 검토한 민주노총 법률원의 하태승 변호사는 ""사측이나 주무부처, 특히 검찰 경찰과 협업해서 개입한다는 건 명백한 범죄행위""라며서 ""국정원법이 열거한 직무수행 범위에 포함되지 않는다""고 지적했습니다. ""철도노조 강경 투쟁 재개 기도에 엄정대응"" -2010년 3월 2일 청와대 수신, 3월 4일 파기. 이어 한 달 뒤 국정원은 보다 구체적인 대응 방안을 내놓습니다. 국내 정보 정보관(I/O)들이 탐지한 노조 내 동향을 전하고 대응 지침을 제시한 겁니다. ""파업 참가자를 빠르게 징계하고 강성 조합원 겨냥 근태관리로 활동력을 위축시킨다"", ""조합비 인상 투표 부결을 견인""한다고 했습니다. 노동조합이 자율적으로 결정해야할 투표까지 개입하겠다는 겁니다. 특히 본사가 위치한 충남지노위에 대한 공작 계을 세운 점이 눈길을 끌었습니다. 국정원 보고서에, ""노조의 구제 신청에 대비해 좌파(左派) 성향 심판위원이 제외되도록 조치""한다고 돼 있었던 겁니다. 정말 이같은 계획이 이행됐는지 확인해 봤는데, 충남지노위 위원들 가운데 두 명의 심판위원이 문건 작성 이후 철도노조 사건에서 제외된 것으로 확인됐습니다. 두 위원은 문건 작성 시점에서 석 달여 전, 노조에 우호적인 판정을 내린 이들이었습니다. 지노위 구성을 변경하겠다는 국정원의 계획 자체도 명백한 직무범위 일탈로서 문제가 심각하지만, 더 나아가 실제로 이행까지 됐다는 점이 충격적이었습니다. 이 문건 역시 청와대 정무수석 등 주요 인사들애게 배포 됐다고 적시됐습니다. 정진석 수석 때 국정원 '전태일 다리' 방해 '공작' ""민주노총의 ‘청계천 일대 좌파 성역화(聖域化)’사업 차단""문건 - 2010년 9월 27일 보고, 9월 29일 파기 국정원은 청계천 다리에 '전태일'이란 이름을 붙지 못하도록 하겠다는 공작 계획도 청와대 민정수석에 보고했습니다. 당시 전태일 열사 40주기를 맞아, 노동계와 기념사업회는 평화시장 인근 청계천 버들다리를 '전태일 다리'라고 명명하자는 캠페인을 벌였는데, ""민주노총의 성역화 기도""라며 엄중하게 본 겁니다. 국정원은 ""연말(年末) 노동법 개정 투쟁을 겨냥하여 좌파(左派)세력을 결집시키고, 청계천을 상습 집회지역으로 변질시키겠다는 다각적 포석""이라고 보고했습니다. ""선제 대처"" 계획으로는 ""서울시(市)가 단호히 거부토록 조치""하고 ""지역주민에게 빈번한 집회·시위에 따른 피해 가능성을 전파하여 개명(改名)반대여론을 결집""하겠다고 적었습니다. 언론을 활용한 여론 공작 계획도 세웠습니다. 이른바 ""건전 시민단체·언론을 통해 불순한 의도를 전파""해서 시민들이 동조하지 않도록 만들겠다는 겁니다. 역시 대통령실장과 정무수석 등에게 배포됐다고 명기했는데, 지자체와 서울시의회 등을 겨냥한 만큼 정무수석이 배포선에 이름을 올린 것으로 보입니다. 당시 정무수석은 정진석 현 국민의힘 의원으로, 정 의원은 이 문건을 ""보고받지 않았다""며 ""출처 불명의 괴문서""라고도 했습니다."
22,20210325,[단독] 박형준 정무수석 시절 국정원 '사찰성' 문건 원문 공개 ①,https://imnews.imbc.com/news/2021/politics/article/6128854_34866.html,"MBC는 민주노총 법률원과 언론노조 등의 협조를 얻어 이명박정부 국정원이 청와대에 실제 보고한 70여 건을 입수했습니다. 국정원 2차장 산하 분석 파트인 국익전략실이 작성해 청와대에 보고한 이 문건들에는 국정원의 권한과 직무범위를 벗어난 사찰성 정보와 정치 관여 및 공작 계획 등이 담겼습니다. 이들 문건엔 배포 대상이 하단에 적혀있는데, 주로 청와대 대통령 실장과 정책실장, 정무수석, 민정수석, 사회정책수석이 대상이었습니다.MBC가 실제 청와대 수석실에 보고된 기록과 대조한 결과 위 문건은 원 제목은 ""(주) 발레오 勞組 투쟁 제어로 외국인 투자환경 악화 방지""입니다. 2010년 2월 22일 경 청와대 수석실이 대외비 문건으로 수신했습니다. 이틀 뒤인 26일 파기한 것으로 돼 있습니다. MBC는 이와 같이 '정무수석'이 배포처에 적시된 문건을 15건 확보했는데 이 가운데 14건은 현재 국민의힘 박형준 부산시장 후보가 정무수석으로 재임하던 시기였고, 1건은 국민의힘 정진석 의원이 정무수석에 재임하던 때였습니다. '발레오만도' 파업에 대한 대응 문건뿐 아니라 철도노조의 파업 재개 기도에 엄정 대응해야 한다, 노조의 징계 구제에 대비해 노동위원회 구성을 변화시켜야 한다는 문건 등 주로 '노조 파괴'와 관련된 사찰성 문건들이었습니다. [단독] 박형준 정무수석 때도 국정원 사찰 문건 14건 보도 https://imnews.imbc.com/replay/2021/nwdesk/article/6128353_34936.html 또한 이명박정부의 문화예술인, 연예인 '블랙리스트' 탄압 실태를 보여주는 문건도 있었고, 진보단체의 친환경 공정무역 업체 운영마저 틀어쥐기 위해 업계 퇴출과 광고 중단 등을 계획한 공작 문건이 포함돼 있습니다. [단독] 커피 팔아 투쟁자금? 친환경-유기농 업체까지 사찰 https://imnews.imbc.com/replay/2021/nwdesk/article/6128354_34936.html"
23,20210308,"[MBC 뉴스데스크 주요뉴스] 'LH 직원 땅투기' 정부합동특별수사본부 설치…""패가망신 시킨다""",https://imnews.imbc.com/news/2021/society/article/6112547_34873.html,"▶ ‘LH 직원 땅투기’ 정부합동특별수사본부 설치..”패가망신 시킨다” ▶ [단독] 시청 공무원도 신도시 확정 발표 7개월 전에 땅 샀다..산비탈을 깍은 이유는? ▶ 1년 앞으로 다가온 ‘개나리 대선’..선두주자와 추격자들 ▶ 가족과 떨어져 서울 고시원에서 숨진 쿠팡 배달 기사, 또 과로사? ▶ 이준석 전 미래통합당 최고위원과 장경태 민주당 의원 일행 5인 금지 모임 ‘찰칵’..엇갈리는 해명 ▶ ‘아빠 찬스’ 논란 아주대 의대 정민석 교수 이번에는 ‘여성비하’ 만화 도마에 ▶ 도박만큼 심각하다는 ‘주식 중독’ 급증..젊은층이 유독 많은 이유는?"
24,20210306,"[단독] '평창 쇼트트랙 금' 임효준, 중국 귀화…어제 중국으로 출국",https://imnews.imbc.com/news/2021/sports/article/6110098_34901.html,"평창올림픽 쇼트트랙 금메달리스트인 임효준 선수가 중국 국적을 취득한 것으로 알려졌습니다. 중국 특별 귀화 절차를 마친 임효준은 중국 여권을 받아 어제 중국으로 출국했고, 자가격리를 마치는 대로 중국 쇼트트랙 대표팀훈련에 합류할 예정입니다. 임효준은 중국 쇼트트랙 대표선발전을 통과하면 중국 대표 선수로 내년 베이징 동계올림픽에 출전하게 됩니다. 임효준은 2년 전 대표팀 훈련 도중 남자 후배 A씨의 바지를 잡아당겨 신체 부위를 드러나게 한 혐의로 기소됐고, 1심에서 벌금 300만 원을 받았지만 지난해 말 2심에서 무죄를 받아 현재 대법원 판결을 기다리고 있습니다. 지난 1년 동안 소속팀 없이 제대로 훈련을 못 했던 임효준은 현재 대한빙상경기연맹에서 부여한 선수 자격 1년 정지 징계는 중단된 상태지만, 대법원에서 다시 판결이 뒤집힐 경우 그 시점부터 징계가 다시 시작돼 내년 베이징 올림픽에 출전할 수 없다는 불확실한 미래에 대한 부담이 컸던 걸로 알려졌습니다. 현재 중국 쇼트트랙 대표팀은 평창동계올림픽에서 한국 대표팀을 이끌었던 김선태 감독이 총감독으로 지휘봉을 잡고 있습니다."
25,20210305,투기가 아니라고? 변창흠 장관 발언 전체를 공개합니다.,https://imnews.imbc.com/news/2021/econo/article/6109497_34887.html,"지난 4일 뉴스데스크는 변창흠 장관과 MBC 기자가 나눈 대화 내용을 공개했습니다. [단독] ""개발정보 알고 산 거 아니다""…장관이 나서서 감싸기? 변창흠 장관은 MBC 기자와 대화에서 ""LH 직원들은 신도시 개발이 안 될 줄 알고 샀을 거다. 전면 수용되는 신도시에 땅을 사는 건 바보짓이다. 수용은 감정가로 매입하니 메리트가 없다.""고 말했습니다. 한마디로 LH 직원들은 신도시 지정을 미리 알고 땅을 산 게 아니니, 투기가 아니라는 주장입니다. 이 보도 이후 국토부는 오늘 이런 입장문을 냈습니다. 변창흠 장관은 그 간 여러 차례 공기업 직원의 부동산 투기 행위는 '직업윤리상 있을 수 없는 일'이며 해서는 안 되는 일이라는 점을 강조했음에도 LH를 비호하는 것으로 오해될 소지가 있는 방송이 보도되어 매우 유감스럽게 생각하고 있습니다. (하략) 이낙연 민주당 대표는 보도 하루만인 오늘 아침 변창흠 장관을 불러들였습니다. 이 자리에서 이 대표는 ""추후에라도 조직을 두둔하는 듯한 언동은 절대로 해선 안 된다""고 변 장관을 질타하는 듯한 발언을 했습니다. 변창흠 장관은 이 사건에 대해 정확히 어떤 인식을 갖고 있을까요? 변 장관과 MBC 기자가 나눈 대화를 상세하게 공개하겠습니다.첫번째 대화는 LH 직원들의 투기 의혹이 불거진 다음날인 3월 3일 오후에 문자 메시지로 이뤄졌습니다. ▶ 변창흠/국토부 장관 ""저도 개발공기업을 맡아 일하면서 끊임없이 청렴과 솔선수범을 강조했는데, 이런 일이 벌어져 안타깝게 생각합니다. 특히나 공공주도를 강조한 2·4대책을 추진하는 과정이라 더욱 아프네요. 법적으로 공기업 직원들의 투자를 직접 제한하거나 처벌하는 규정이 없어 이번 사건을 계기로 전수조사와 후속 조치를 마련할 예정입니다."" ▷ MBC 기자 ""공기업 직원에 대해 아예 부동산 투자를 금지할 수야 없겠지만, 이번에는 사안이 매우 달라보입니다."" ▶ 변창흠/국토부 장관 ""네, 직업윤리 측면에서도 있을 수 없는 일인 것 같습니다. 다만, 정황상 개발정보를 알고 토지를 미리 구입했다기보다는 신도시 개발이 안될 걸로 알고 취득했는데, 갑자기 지정된 것이 아닌가 생각됩니다. 전면 수용되는 신도시에 땅을 사는 것은 바보짓이니까요."" ▷ MBC 기자 ""전면 수용되는 신도시에 땅을 사는 건 최소한 투기 목적이 아니라는 말씀이신 거죠?"" ▶ 변창흠/국토부 장관 ""수용은 감정가로 매입하니 메리트가 없다는 겁니다. 공기업 직원들이 자기 이름 걸고 이런 바보짓은 하지 않았을 것 같은데 이해가 안된다는 겁니다."" 이날의 대화는 이렇게 마무리됐습니다.이튿날인 3월 4일. MBC 기자는 변창흠 장관의 말이 정확히 어떤 의도인지 확인하기 위해 변 장관을 찾아갔습니다. 변 장관을 어렵게 만났지만, '무거운 책임감을 느낀다'는 답 외에 다른 설명은 하지 않았습니다. 또 한 번 문자메시지 대화가 이어졌습니다. ▷ MBC 기자 ""장관님 말씀에 대한 설명과 입장을 듣고 싶습니다. 잠시만 시간을 내어 주시면 감사하겠습니다"" ▶ 변창흠/국토부 장관 ""아직 조사가 완료되지 않은 상태에서 말씀드리는 것이 자칫 잘못된 메시지를 전달할 수 있어서 아주 조심스럽습니다. 저를 통해 확인하시기보다는 다른 전문가를 통해 확인하시면 좋겠습니다. 다만, 어제 이번에 토지 투기를 한 LH 직원 어떤 언론에 인터뷰한 것처럼, 신도시 개발 정보를 얻어서 보상받기 위해 토지를 구입한 것이 아닙니다. 2025년 이후 특별관리지역에 대한 규제가 풀리면 공공 신도시가 아니라 민간개발 될 걸로 알고 구매했을 가능성이 높다고 생각합니다. 꼭 저를 인용하지 마시고, 부동산 전문가나 당사자 등을 활용하시기 부탁드립니다."" ------------------------------------------ 이 대화를 통해 변창흠 장관의 생각이 무엇인지 조금 더 분명해졌습니다. 광명·시흥 신도시는 지난 2015년 보금자리주택 지역에서 해제됐는데, 해제와 동시에 난개발을 막기 위해 특별관리지역으로 묶였습니다. 최장 10년 동안 개발이 불가능한 지역으로 묶인 겁니다. 즉 신도시로 지정되지 않는 한, 민간 개발은 2025년 이후에나 가능한 지역이었습니다. 그런데 지난달 국토부가 이곳을 신도시로 지정한다고 발표했습니다. 2025년까지 개발이 불가능했던 지역이, 갑자기 신도시로 지정돼 공공 개발이 가능하도록 풀린 겁니다. 변창흠 장관의 발언은 이런 뜻입니다. * LH 직원들은 이곳이 신도시로 지정될 줄 몰랐다. * 2025년 이후 개발제한이 풀리면 땅주인들이 주도하는 민간 개발이 될 줄 알고, 그 이후를 대비해 산 것으로 보인다. * 그러므로 내부 정보를 미리 알고 투기한 것이 아니다. 이런 변창흠 장관의 생각은 공교롭게도 땅 투기 의혹을 받고 있는 LH 직원들의 해명과 똑같습니다. 국토부가 밝힌 입장처럼 정말 MBC가 오해한 걸까요? 아니면 국토부와 장관이 정말 투기가 아니라고 이미 결론내리고 있는 것일까요? 변창흠 장관은 마지막 대화에서 자기를 인용하지 말고, 전문가들에게 확인하라고 요청했습니다. 그래서 저희는 전문가들에게 직접 확인해봤습니다. 전문가들의 의견은 모두 같았습니다. LH 직원들은 신도시로 지정될 경우, 어떻게 하면 최대한 보상을 받을 수 있을지 잘 알고 있는 사람들처럼 행동했습니다. 5년에서 7년을 기다려 언젠가 이뤄질 민간 개발을 위해 장기 투자한 사람들처럼 행동하지 않았습니다. [단독] 분양권 주는 것 알았나?…규정 바뀌기 직전 '맞춤' 쪼개기 이런 취재를 바탕으로 고심끝에 변창흠 장관의 발언은 공공의 이익에 관해 국민이 꼭 알아야 할 사안이라고 판단해 보도하게 됐습니다. 오늘 뉴스데스크에서는 이에 대한 보도를 이어가겠습니다. (이문현 기자 / 이준희 기자)"
26,20210226,[MBC 뉴스데스크 주요뉴스] 일상을 되찾기 위한 반격이 시작됐다…아스트라제네카 백신 전국 동시 접종 시작,https://imnews.imbc.com/news/2021/society/article/6102054_34873.html,"▶ 나는 언제쯤?..'백신 시간표' 총정리 ▶ 올해 크리스마스는 작년과는 다르겠지?..'11월 집단 면역 계획' 집중 점검 ▶ [단독] ""'위안부 망언' 램지어, '오류' 인정"".. ""비판에 괴롭다고 말해"" ▶ 세상엔 필요 없는 사람이 있다? 초등학교 신입생에게 전달된 황당한 가정통신문 ▶ 범죄 의사 면허취소 법안 처리 불발..야당은 의협 편, 여당은 무기력 ▶ 생후 3개월 아들을 때린 이유가?..구급대원 신고에 덜미"
27,20210223,"[MBC 뉴스데스크 주요뉴스] 살인, 강도 같은 강력범죄만 의사 면허 취소 가능하다고?…의사협회가 내놓은 '수정안' 분석해 보니 '지연 작전' 꼼수?",https://imnews.imbc.com/news/2021/society/article/6097901_34873.html,"▶ 1월에 가스 끊기고, 3월에 '위기가정' 지정…그런데도 당국의 가정 방문은 없었고 그 사이 3살 아이는 버려진 뒤 숨져 ▶ [단독] 가수 정바비 '불법촬영' 또 고소 당해…경찰 추가 압수수색 ▶ [단독] 현역 프로농구 최고 스타도 '학폭 가해자' 지목…""중학교 때 허벅지 폭행에, 빰 때리고…"" ▶ '화재경보기 의무화' 4년 됐다는데…""옆집에 불 났는지도 몰라"" ▶ 후쿠시마 앞바다 '방사능 우럭' 발견…다시 커진 불안감 ▶ 이번엔 보잉 757 '엔진 이상' 비상착륙…보잉 여객기 왜 이러나?"
28,20210223,"첫 사망자 '카인' 치료한 미얀마 의사 ""머리에서 실탄 나왔다""",https://imnews.imbc.com/news/2021/world/article/6097715_34880.html,"미얀마 군부 쿠데타 항의 시위의 첫 희생자인 20살 여성 먀 뚜웨 뚜웨 카인을 치료했던 의사가 카인이 실탄에 맞아 사망한 것이 맞다고 말했다고 CNN방송이 보도했습니다. CNN은 현재 군부의 체포를 우려해 모처에 은신 중인 카인을 치료한 의사를 단독 인터뷰했습니다. 이 의사는 ""카인이 병원에 도착했을 때 총격으로 이미 혼수상태에 가까웠다""면서 ""군부가 미디어의 관심을 이 사건에서 돌리고 증거를 은폐하려 한다""고 주장했습니다. 카인은 지난 9일 수도 네피도에서 열린 쿠데타 항의 시위 현장에 언니와 함께 나갔다가 경찰이 쏜 것으로 추정되는 실탄에 머리를 맞고 병원으로 옮겨져 치료를 받았으나 열흘 뒤인 19일 결국 숨졌습니다. 그는 병원에서 치료를 받는 도중 20세 생일을 맞았으며, 4살 딸을 남겨두고 세상을 떠났다고 CNN은 전했습니다. 카인은 이번 쿠데타 항의 시위의 첫 희생자로, 그의 죽음이 알려진 뒤로 미얀마 군부 독재에 대한 국제사회의 공분이 한층 거세게 일었습니다. 특히 현지 SNS에 ""내가 카인이다""라는 글이 이어지는 등 그는 미얀마의 불복종 운동과 저항의 상징으로 떠올랐습니다. 그러나 미얀마 군부는 총을 쏜 주체가 진압 군경이 아닐 수도 있다면서 카인의 사망 책임에서 벗어나려 하고 있습니다. 미얀마 국영 신문은 지난 21일 ""부검 결과 카인의 머리에서 납 조각이 발견됐고, 이는 경찰이 쓰는 탄환과 다르다""면서 ""일부 다른 외부 세력이 사용한 무기에 희생됐을 가능성이 있다""고 주장했습니다. 카인이 총에 맞을 당시 곁에 있었던 언니는 CNN 인터뷰에서 ""동생이 회복되게 해달라고 기도했지만 결국 아무 일도 일어나지 않았다""며 ""경찰, 군인 개개인을 미워하는 것은 아니다. 하지만 독재는 원하지 않는다""고 울먹였습니다."
29,20210217,"[MBC 뉴스데스크 주요뉴스] 확진자 다시 600명대로 급증, 해이해진 방역 탓?…""사회적 거리두기 단계 조정도 다시 검토할 수 있다""",https://imnews.imbc.com/news/2021/society/article/6091613_34873.html,"▶ 생후 11일 된 아기를 던지고 폭행하고 방치하고…그리고 아빠는 '멍' 없애는 법을 검색했다 ▶ 70억원 대 주식 증여 받아 슈퍼카 굴린 30대…허위 세금계산서에 인건비 횡령까지 '부모찬스'로 벼락부자 된 'Young & Rich'들의 기상천외한 탈세 수법 ▶ [단독] '동해 표기 막아라' '일본의 수출 규제 당위성 전파'…일본이 고용한 로비스트, 입을 열다 ▶ MB 국정원, 국회와 민간인 상대 미행 감시와 해킹까지…""친야 성향 인사의 혼외자 추적한다며 아기 기저귀까지 훔쳤다"" ▶ 주인 없는 '무인 가게'만 골라 털었다…20여일간 40곳 도둑질 3인1조 일당의 정체는? ▶ [단독] 1970년대 전설적 조폭 조양은 '필리핀 교민 폭행' 핵심 공범 체포…증거 불충분으로 풀려났던 조양은 씨 재판 새 국면"
30,20210217,"[국회M부스] '노건호' 메일받은 의원실 해킹…""미행·도청 없었다""?",https://imnews.imbc.com/news/2021/politics/article/6091155_34866.html,"박지원 ""사찰, 직무범위 벗어난 불법"" 박지원 국정원장은 어제 과거 정부 국정원이 벌인 사찰 실태와 보관 중인 사찰 문건의 처리 문제에 대한 입장을 국회 정보위원회에 직접 보고했다. 이 자리에서 박 원장은 사찰이 국정원 직무 범위를 이탈한 불법이었음을 명확히 하고, 박근혜 정부때에도 계속됐을 개연성이 있다고 말했다고 국회 정보위원들은 전했다. 지난달 김승환 전북교육감 사찰 문건 공개 이후 불거진 정치인 사찰에 대해선, 실제 신상정보 관리를 국정원이 맡았다고 확인했다.* 2009년 12월 16일 국정원이 작성한 문서의 일부. 당시 청와대 민정수석실이 ""보안 유지 하 국회의원 전원에 대한 신상자료를 관리해 주기를 요청""했고 ""VIP 통치 보좌와 대정부 협조관계 구축 및 견제"" 목적이라고 적시돼 있다. 비공개로 진행된 정보위 회의 내용은 통상 회의가 끝난 뒤 여야 간사들이 합의한 내용을 기자들에게 브리핑한다. 이날 브리핑에선 여당 정보위 간사인 김병기 의원과 야당 간사인 하태경 의원 사이에 묘한 신경전이 벌어졌다. 하 의원은 불법 사찰 논란을 의식한 듯 ""미행이나 도청 방법 사용했냐 물으니 미행과 도청이란 방법 사용했다는 근거는 없다""고 했다고 전했다. 즉시 김병기 의원은 확인하지 못한 것은 ""도청만""이라면서 ""미감('미행 감시'의 정보기관 약어)을 하는 팀 등 여러 가지 팀들이 동원된 것으로 보인다는 데에는 (박지원 국정원장이) 시인도 부인도 하지 않았다""고 덧붙였다. 국정원 '특명팀' 의원실 해킹도 자행 그런데 도청, 감청을 확인하지 못했다는 것은 사실이 아니다. MB정부 국정원은 당시 야당 국회의원 컴퓨터를 해킹해 실시간으로 이메일을 들여다보기도 했다. 실제 2011년 10월 한 의원 보좌관에게 온 이메일은 그대로 국정원 요원에게 탈취돼, 상부에 보고됐다. 보낸 이가 '노건호'였기 때문이다. 이 보좌관의 대학 동창이 노무현 전 대통령의 아들 노건호씨와 동명이인이었기 때문에 발생한 일이었다. 해킹으로 남의 컴퓨터를 실시간으로 확인해서 내부 자료를 빼돌리는 것은 법적으로 도·감청과 동일하게 취급된다. 이같은 내용은 검찰 수사에서도 일부 확인됐지만 최종 기소 과정에선 빠졌다. 수사팀 관계자는 ""해킹을 한 1년 전부터 걸어놓고 컴퓨터가 바뀌지 않는 한 자기 것처럼 열어볼 수가 있었다""고 전했다. 그러면서 ""최초 해킹했던 시점부터 시효를 따져보니 시효가 이미 지난 행위였다""고 설명했다. ▶관련 보도 ""추적 '포청천' 작전의 비밀"" 국정원에서 해킹 등 도청과 미행 감시는 간첩과 산업스파이를 잡는 대공부서, 방첩부서가 전문이다. 각종 불법 사찰에 이들도 동원됐다. 원세훈 국정원장 지시로 2009년 만들어진 특명팀 얘기다. 방첩 부서에서도 성과가 우수한 직원들을 뽑아 팀을 꾸렸지만 목적은 간첩을 잡는게 아니었다. 취약점을 발굴하겠다는 것이었다. 북한과 연계됐을 가능성을 보겠다는 취지로 노무현 전 대통령 부인 권양숙 여사의 중국 방문을 미행하고 친민주당 성향 기업인의 휴대 전화를 해킹했다. 전직 국정원 고위 관계자는 ""이들은 불법을 전제로 활동하는 부서""라며 ""휴대전화 해킹 장비는 현재 보유하고 있지 않아 스마트폰을 '점거'했다""고 전했다. 기업인 휴대전화를 점거한 이후엔 자주 통화하는 이성을 찾아내 내연관계 여부를 추적했다. 11개월짜리 자녀가 있는 것을 본 국정원 요원은 쓰레기 더미에서 아이 엄마가 내다 버린 기저귀도 훔쳤다. DNA 검사를 맡겨 혼외자인지 확인하겠다는 '공작'이었다. 공작은 실패했다. 검사 결과, 공작 대상인 기업인의 아이가 아닌 것으로 나타났기 때문이다. 국정원 최정예 요원들이 쓰레기통을 뒤지는 웃을 수 없는 '흑역사'. 특명팀 회식자리에서 작심한 팀원들은 상관에게 항의했다. ""적절치 않다""는 것이다. 그러자 회식을 주재하던 국장은 버럭 ""원장의 지시하는데 왜 안 따르냐, 너희들 죽을래?""라고 소리쳤다. ""사찰, 적절치 않다""항의하자 ""너희들 죽을래?"" 이들이 공작 대상으로 삼은 건 최소 38명으로 추정되는데, 명진 스님, 한명숙 전 총리, 조명래 전 환경부 장관, 우희종 서울대 교수 등이 포함돼 있다. 홍정욱 전 의원이나 이종구 전 의원처럼 현 국민의힘 진영 정치인들도 대상으로 삼았다. ▶관련 보도 [단독] MB 국정원, 노무현 측근·시민단체 무차별 사찰"
31,20210216,"[MBC 뉴스데스크 주요뉴스] [단독] ""위안부는 매춘부"" 망언 배후는 일본 정부…미국 국무부 문건 심층 분석",https://imnews.imbc.com/news/2021/society/article/6090486_34873.html,"▶ [단독] ""위안부는 매춘부"" 망언 배후는 일본 정부..미국 국무부 문건 심층 분석 ▶ [단독] '동해' 지우기에 로비스트 전방위 동원..'친일 인재’ 육성 위해 돈 쏟아붓는 일본 ▶ 백신 2천300만 명분 추가 확보..화이자 접종 이르면 3월 말 시작 ▶ [단독] 버젓이 학대 자행되고 있던 와중이었는데 어린이집 평가는 ‘A급’이라니 ▶ [단독] ""숙부상을 부친상으로""‥ ‘고인 바꿔치기’로 조의금 챙긴 공무원 ▶ 식염수 떨어지자 물로..’맹물 백신’ 수출까지 한 중국 일당 적발 ▶ ‘환각 상태’서 광란의 질주.. 7중 추돌 사고 포르쉐 운전자 ‘징역 5년’에 차까지 뺏긴다"
32,20210120,"노회찬·이재명 사찰정보 나올까…국정원 ""63건 공개 결정""",https://imnews.imbc.com/news/2021/politics/article/6064121_34866.html,"국가정보원이 故 노회찬 의원, 이재명 경기도지사 등이 청구한 과거 정부 시절 사찰 정보 가운데 일부를 공개하기로 했습니다. 국정원은 ""'내놔라 내파일' 측이 청구한 정보 중 63건을 공개 결정하고 어제 등기우편으로 발송했다""고 밝혔습니다. 그러면서, ""이번에 제공한 63건은 대법원 판례에 따라 안보 관련 직무 정보를 제외한 공개 대상 정보""라고 덧붙였습니다. 이로써 불법 사찰 정보의 공개가 필요하다고 판단한 지난해 11월 대법원 판결 이후, 국정원이 전 부서가 참여하는 사찰 정보 공개 전담팀을 구성해 공개한 정보는 모두 1백15건으로 늘었습니다. 앞서 지난해 12월 곽노현 전 교육감과 명진 스님 등의 대표 소송을 통해 승소를 이끌어 낸 '내놔라 내파일 시민행동'은 국정원에 대표적인 사찰 피해자 10여 명의 정보를 추가 청구했습니다. 추가 청구인에는 삼성 X파일에 들어있던 '뇌물 검사'들의 명단을 공개한 故 노회찬 의원, 전태일 열사의 어머니이자 시민운동가였던 故 이소선 여사가 포함됐습니다. 이재명 경기도지사, 김승환 전북교유감 등도 합류했습니다. 이번 발표에 대해 '내놔라 내파일 시민행동'의 김남주 변호사는 ""처음으로 정보공개청구를 통해서 사찰 정보를 받을 수 있다는 것에 역사적 의미가 있다""고 환영의 뜻을 밝혔습니다. 그러면서도 ""청구한 분들이 많은 만큼 상당한 양이 남아 있을텐데, 공개 결정된 분량이 너무 부족하다""고 지적했습니다. 국정원은 별도로 추가 검색 작업을 벌여 관련 자료가 나오면 공개 여부를 통지하겠다는 계획입니다. [연관기사] 1. 故 이소선·문익환…줄 잇는 사찰 정보 공개 청구 2. [단독] 검찰도 협조…국정원 민간인 사찰, 이렇게 했다 3. [단독] ""종북 좌파가 요설을""…집요했던 '명진' 퇴출 작전"
33,20210120,[국회M부스] 민주당 이낙연 대표 신년 인터뷰 전문을 공개합니다,https://imnews.imbc.com/news/2021/politics/article/6063852_34866.html,"MBC가 신년을 맞아 여야 당 대표 단독 인터뷰를 진행하고 있습니다. 먼저 취임 5개월 째를 맞는 더불어민주당 이낙연 대표를 만나 보궐선거 전략과 사면 요청에 대한 입장, 재난지원금 지급계획 등을 물었습니다. 이 대표는 어제(19일) 오후 MBC를 방문해 왕종명 뉴스데스크 앵커와 사전녹화 형식으로 인터뷰를 했습니다. 사면 발언에 대한 자평과 여당 보궐선거 주자, 새롭게 추진하는 이익공유제와 신복지체계 등에 대해 진솔하게 밝혔습니다. 어제 에서는 핵심 답변내용을 편집해 방송했습니다. 방송분에 미처 담지 못했던 내용을 포함해, 인터뷰 전문을 공개합니다. 안녕하십니까? 네, 안녕하세요? 늦었지만 새해 복 많이 받으세요. 새해 복 많이 받으세요. 당 대표 취임하시고 저희가 이 자리에서 넉 달 만에 뵙는 것 같은데 총리 때하고 당 대표 때하고 어떻게 다르신가요? 당 대표가 훨씬 어렵죠. 정치라는 건 예측하기 어려운 일이고 늘 상대가 있으니까요. 행정은 일사불란하달까? 위아래가 있으니까요. 넉 달을 좀 자평을 해보신다면, 입법적인 성과를 당에서 낸 것도 있고 또 어떤 법안에서는 개혁성이 좀 후퇴한 게 아니냐는 반발들도 있습니다. 네, 우선은 작년 정기국회와 이달에 열린 임시국회, 많은 개혁 입법들을 해냈죠. 1987년 민주화 이후에 가장 크고 가장 많은 개혁 입법을 이룬 것이 작년 연말이었습니다. 공수처를 포함한 권력기관 개혁 3법, 공정거래법을 비롯한 공정경제 3법, 지방자치법, 그리고 ILO 협약을 반영한 노조법 등이 굵은 법이고요. 올해로 넘어왔습니다만 중대재해법도 많은 관심과 일부의 반발도 있었습니다. 아까 개혁 후퇴가 아니냐… 네 그렇게 보일 수 있죠. 아무래도 정당이나 국회는 여러 의견을 듣고 조정을 해야 되다 보니까 그렇게 됐습니다. 특히 중대재해법 같은 경우는 기업 쪽에서는 너무 강하다고 불만이시고 노조는 너무 무르다고 해서 양쪽의 불만을 사고 있습니다. 네, 그렇게 보일 수 있습니다만 의회 민주주의의 특성이자 한계이기도 하다는 걸 이해해주길 바랍니다. 당 대표가 되시고 나서 첫 번째 선거입니다. 보궐선거가 있는데 슬슬 시동이 걸리는 분위기이긴 한데 야권에 비해서는 조금 현재까지는 흥행이 저조하다는 이런 평가가 있습니다. 그렇습니다. 후보가 지금까지는 한 분뿐이고요 출마를 선언하신 분이. 이제 곧 한 분 더 나오실 것으로 보입니다. 이제 곧이라고 말씀을 해주셨지마는 일부 보도도 나왔고요, 저희도 알아본 바로는 내일 한 4~5개 부처 개각이 있을 거다라는 얘기가 있던데, 확인이 가능할까요? 네, 내일모레 사이에 개각이 있을 걸로 알고 있고요. 그리고 서울시장 출마 의사를 이미 표명하고 있는 박영선 중기부 장관도 정부에서 나와서 선거에 뛰어들 걸로 보입니다. 여당에서는 우상호, 박영선 이파전으로 가는 건데요 당장은. 혹시 누가 후보로 추가로 나올 수 있는지, 깜짝 인사가 있을지? 그런 건 없을 것 같습니다. 없습니까? 네. 어쨌든 내각에서 이제 당으로 복귀하시는 분이 있으시다면 당에서 내각으로 추가로 더 들어가시는 분이? 있으실 수도 있겠죠. 제가 미리 말씀드리는 건 뭐하고 제가 다 알고 있는 것도 아니고요. 몇 분 정도 있을 것 같다? 네, 그렇게 많지는 않을 겁니다만. 사면 얘기를 여쭙겠습니다. 어제 대통령께서 지금은 말할 때가 아니라고 입장을 정리했습니다. 거기에 ‘솔직하게, 내 얘기를 솔직하게 한다면’ 그런 표현까지 사용했습니다. 대표께서 연초에 국민 통합을 위해라는 조건을 붙여서 사면을 언급하셨는데 일단 그 소신에 변함은 없으신지? 네, 제가 드릴 말씀은 다 드린 것이고요. 대통령께서 여러 생각을 말씀하셨죠. 지금은 말할 때가 아니다. 적절한 시기에 진지한 고민을 하는 때가 올 수 있을 것이다. 대전제는 국민의 공감이다. 대통령님 뜻에 전폭적으로 동의합니다. 애초에 사면을 언급하셨을 때 분석들이 대표께서 대통령의 의중을 읽고 먼저 사면 얘기를 꺼낸 거라는 분석들이 많았습니다. 결국에 그러면 대통령의 의중 잘못 읽은 거 아닌가? 이렇게 해석이 또 가능하거든요. 거기에 대해서 더 말씀드릴 게 없습니다. 그렇게만 답변을 하시겠습니까? 네, 그렇습니다. 결과적으로 사면론이 지금의 어떤 대표의 지지율이나 결국엔 꺼낸 말이 대통령에 의해서 지금은 아닌 것 같다고 정리가 되면서 돼서 정치적으로 좀 실정을 하신 게 아닌가? 어떠십니까? 네, 많이 야단맞았죠. 그러나 어찌 됐건 대통령님의 말씀으로 일단 매듭지어졌으면 합니다. 그렇게 해야 옳다고 생각합니다. 지지율 하락, 정치인이고요. 가장 유력한 대선 후보 중 한 분이신데 이걸 애써 무시할 수는 없을 것이라고 보고요. 하락세가 좀 뚜렷합니다, 사실. 그게 특히나 친문이나 호남 쪽에서의 분화 조짐도 읽히고요. 겸허히 받아들이겠다고 입장을 밝히신 것으로 아는데, 원인 처방을 해보신다면요? 네, 여러 가지 답답함이 있으셨을 겁니다. 저 자신의 흠결도 있었을 거고요. 또 국회에서 입법 각축을 하다 보면 욕심대로 안되는 답답함도 있지요. 그런 여러 가지가 종합된 결과라고 생각합니다. 어쨌든 정치적 행보를 이어가실 때 어떤 반전의 기회라는 것, 물론 깜짝 정책을 발표한다든가 이러실 것으로 예상하진 않지만 어쨌든 지금의 상황을 반전시키기 위한 정치적 행보를 어떤 구상하신 게 있는지? 그렇다기보단이요, 우선 제 앞에 놓인 일을 충실히 하는 것, 그것이 당장 급하지요. 네, 알았습니다. 또 하나 꺼내놓으신 화두 같은 게 이익공유제입니다. 이익공유제라는 것을 던지셨는데, 이게 어쨌든 그때도 말씀하신 게 기업의 자발적인, 코로나 19로 대다수가 어려움을 겪었는데 그중에서도 코로나 19로 이익을 본 기업이나 집단이 분명히 있다, 그들의 자발적 참여로 이익을 공유하는 게 어떻겠냐고 했는데 지금 이게 어떻게 진행이 되고 있는 겁니까? 네, 저희가 프로그램을 준비하고 있고요, 그리고 자발적 참여를 유도할만한 인센티브를 찾고 있습니다. 이달 안에 제시할 수 있을 것입니다. 그게 이제 프로그램이라고 표현을 하셨는데 이게 이제 기금 형태인지? 아니면 펀드 형태인지? 구체적인 윤곽이 있습니까? 어떻습니까? 여러 가지 방법이 있을 수 있죠. 그것 또한 곧 내놓겠습니다. 구체적인 방법을 조금만 더 좀 공개를 해주신다면? 이미 우리가 비슷한 걸 해오고 있지요. 이익공유제가 문재인 대통령의 대선 공약이기도 했고요. 힐러리 클린턴 후보의 공약이기도 했습니다. 그리고 우리도 대중소기업 상생협력이라는 이름으로 이익을 공유하는 것이 부분적으로 시행돼 왔죠. 이번엔 좀 더 제도화해보자. 제도화라는 게 강제가 아니라 인센티브를 드리면서 참여를 유도해보자, 그런 것이니까요. 지금 이미 양극화가 심해지고 있지만, 코로나가 끝나고 나면 그게 훨씬 더 심각해질 것입니다. 그런 문제는 재정으로 감당하는 게 당연한 일이지만 재정 말고도 민간의 영역에서 서로 돕고 지탱하는 사회의 틀을 만드는 게 중요하겠다, 이렇게 생각을 하고요. 대표께서 먼저 말씀을 하셨지만 이게 어쨌든 민간의 참여를 정부나 여당에서 민간의 참여를 표현이 좀 그렇지만, 권하고 요청하고 도와달라고 이제 하는 거 아닙니까? 네, 예를 들면 그런데 참여하시면 세제상, 금융상의 혜택을 드린다거나 그런 방법이 있을 겁니다. 이거를 일각에서 해석하시는 분들은 정부에서 사실상 준조세 성격으로 강제하는 것이 아니냐? 그렇지가 않고요. 이게 더 이익이라고 판단할 수 있을 겁니다. 예를 들면 오늘인가 보도에 따르면 무디스라는 세계적인 신용평가 회사가 한국의 ESG를 아주 높게 평가했어요. ESG가 E는 환경이고요, S는 사회, G는 지배구조입니다. 이것에 대해 기업의 노력, 성과를 평가해서 그 평가를 보고 투자한다든가 이런 것입니다. 2018년에 우리 국민연금이 그런 제도를 도입했습니다. 앞으로 그걸 확대한다든가 공공 조달 영역에서 반영해본다든가 말하자면 기업들이 환경을 위해서, 탄소 저감을 위해서 노력을 했다. 또는 사회적 이익공유를 위해서 뭔가를 했다면 그 기업에 대해서 더 투자한다든가 이런 방법은 아주 좋은 유도의 방법이 될 수 있죠. 지금 어쨌든 그런 혜택이 있는 반면에 그렇게 민간의 참여를 하려고 했을 때 그 전제는 정부와 여당이 그 민간의 참여를 권하기 전에 과연 최선을 다했는가? 재정의 여력이 너무 소진돼서 더 이상 민간에도 좀 도움을 청하는 상황이 됐을 때에 민간 영역의 참여를 권하는 것이 순서가 아니냐 이런 분석도 있단 말이죠. 이미 재정이 그렇게 하고 있죠. 재난지원금을 벌써 3차례, 3번째 드리고 있고요. 앞으로 더 있을 것이고요. 또 예산도 굉장히 확장적으로 편성해서 쓰고 있지 않습니까? 558조 사상 최대 규모인데요. 거기에 많은 약자에 대한 지원책이 들어가 있죠. 재정이 아무것도 안 하고 하는 것이 아니라 재정은 재정대로 다 하면서 그러나 민간 영역에서 서로가 지탱하고 서로가 도와주는 이것이 코로나 이후에 한국사회가 바로 서게 하는 데 도움이 될 것이다. 그런 틀이 필요하다 그렇게 보는 것이지요. 3차 재난지원금이 지금 집행이 한창 진행 중입니다. 현장에서는 여전히 그래도 부족해요, 그동안 가게 문 닫은 것에 비하면 그동안 영업을 못한 것에 비하면, 정부입장에서는 많이 챙겨주고 싶고 많이 챙겨준다고 하지만 그게 한계가 분명히 있을 거란 말이죠. 그래서 이거를 그런 얘기가 있단 말이죠. 정부의 방역지침에 따라서 가게 문을, 영업을 제한했거나 영업이 금지된 상황에서는 그만큼의 것을 고대로 손실 보존해주는 아예 법제화하자 라는 것인데 움직임이 있는 건가요. 그 법안이 이미 국회에 나와 있고요. 심의해야죠. 시간이 약간 걸릴 겁니다. 그것이 법제화되기를 기다렸다가는 안되니까요. 재난지원금은 이미 지급이 세 차례, 세 번째 지급이 되고 있고요. 그리고 그 후로도 방역상황이나 민생의 실태를 봐가면서 신속하게 대처할 것입니다. 그 법안의 취지에 대해서는 충분히 공감하시는 거죠? 해야죠. 그 이제 재정이 얼마나 감당할 수 있느냐 하는 것은 고려사항이기는 하지만 방향은 불가피하고 옳은 방향이라고 생각합니다. 알겠습니다. 4차 재난지원금은 여전히 이르다고 보시는지요? 지금 3차 재난지원금이 아직도 끝나지 않았으니까요, 네.아마도 그 얘기가 나오는 얘기는 4차 재난지원금을 마치 보편지급과 같은 방식으로 이미 정리가 돼 있다 보니까 그런 얘기가 이르게 나오는 게 아닌가 싶은데 어떠십니까? 네, 어제 대통령께서 말씀하신 바와 같이 상황에 따라서 선택할 수 있는 문제이지요. 미리 이번에는 뭐다라고 정해놓고 하는 것은 아닙니다. 경기도가 재난지원금을 전 도민을 상대로 일괄지급을 하려다가 당에서 정리를 한 걸로 들었습니다. 아마 제가 알기로는 자율적으로 판단하되 보편지급은 방역상황을 고려해서 시점을 조절하자, 이렇게 정리한 것으로 들어보니 이 취지를 좀 설명해주실까요? 네, 그 방역 당국의 판단이 있을 수 있습니다. 지금 거리두기를 하고 있는데 소비를 하라고 말하는 것이 마치 왼쪽 깜빡이 키고 오른쪽으로 가는 것과 비슷한 수가 있을 수 있으니까요. 그런 상충이 없도록 하는 방법이 있을 거고요. 그리고 기왕이면 중앙과 지방이 함께 대처하자, 그런 취지도 살렸으면 합니다. 당의 입장에 대해서는 지금 경기도 쪽에서는 이미 수용을 한 것으로 알고 계신 건가요? 네, 협의가 진행되고 있죠."
34,20210110,교황 이르면 다음주에 코로나19 백신 접종,https://imnews.imbc.com/news/2021/world/article/6053248_34880.html,"프란치스코 교황이 이르면 다음 주 코로나19 예방 백신을 접종한다고 AFP 통신 등이 보도했습니다. 교황은 현지시간 9일 이탈리아 방송 '카날레5'의 뉴스 프로그램과 가진 단독 인터뷰에서 ""다음 주 이곳 바티칸에서도 백신 접종을 시작한다""면서 ""나도 예약했고, 우리는 접종해야 한다""고 말했습니다. 그러면서 교황은 ""나는 윤리적으로 모든 사람이 백신을 맞아야 한다고 생각한다""며 ""당신의 건강과 생명은 물론 다른 사람의 생명까지 걸려 있는 문제""라고 강조했습니다. 교황청이 있는 바티칸시국 보건당국은 지난 2일 성명을 통해 이르면 이달 중반부터 본격적인 코로나19 백신 접종이 시작될 것이라고 밝혔습니다."
35,20201224,[단독] 논산훈련소 입소대기중 확진 11명…재검사에선 9명 '음성',https://imnews.imbc.com/news/2020/politics/article/6036848_32626.html,"충남 논산 육군훈련소에서 입소 대기 중이던 11명이 코로나19에 확진됐다가 그 중 9명이 다시 음성 판정을 받았습니다. 당초 국방부는 지난 21일 논산 육군 훈련소에 입소한 입영장정 1600명을 전수검사한 결과 11명이 확진 판정을 받았다고 밝혔습니다. 그런데 오늘 다시 실시한 검사에서 양성판정을 받은 11명 중 9명이 음성판정을 받은 것으로 확인됐습니다. 이에따라 이들 11명에 대해서는 재검사를 실시할 예정입니다. 입영전 진단검사는 4~5명의 검체를 섞어 한번에 검사하는 취합검사법으로 실시되고 있는데, 도입 당시 방역당국은 취합검사법의 정확도가 96%에 달한다고 밝힌바 있습니다. 군과 보건당국은 취합검사 실시과정에서 검체가 오염됐는지 여부 등 검사 결과가 달라진 원인을 분석중입니다."
36,20201113,"[외통방통] 대법원 ""국정원 사찰 정보 공개하라""‥'존안 파일' 봉인 풀릴까",https://imnews.imbc.com/news/2020/politics/article/5973872_32626.html,"이명박 박근혜 정부 시기 정부 정책에 비판적인 문화, 종교계 인사와 야당 인사들을 불법적으로 사찰한 내용을 담은 이른바 국정원 '존안 파일'에 대해, 이를 당사자에게 공개해야 한다는 판결이 대법원에서 처음 확정됐습니다. 사찰 파일 공개 길 열렸다 대법원 특별 2부는 어제 곽노현 전 교육감과 박재동 화백이 국정원을 상대로 자신들에 대한 불법 사찰 정보를 공개할 것을 요구한 '정보비공개처분 취소 소송'에서, 국정원의 상고를 기각하고 공개를 명령한 원심을 확정했습니다. 국정원 불법 사찰 피해를 입은 피해자 9백여 명이 국정원이 보관중인 사찰 정보를 정보공개 청구한 지 3년 만입니다. 당시 국정원은 사찰 정보가 ""그 자체로 국가안보에 관련되거나 국정원의 정보역량을 노출할 수 있다""는 이유로 공개를 거부했습니다.국정원 ""국가안보 정보""‥ 법원 ""정치 사찰일 뿐"" 결국 청구인 가운데 일부가 대표로 소송을 제기했고 1, 2심 법원은 ""해당 정보는 심리전 전개 계획, 동향 등으로 구성되어 있다""며 ""정치 사찰일 뿐 국정원의 직무 중 어느것에도 해당하지 않는다""며 이들의 손을 들어줬습니다. 명진 스님과 김인국 신부가 낸 소송은 지난해 9월 1심 원고 승소 판결 뒤, 국정원이 항소하지 않아 그대로 확정됐습니다. 판결로 공개된 정보에는 명진 스님의 '조계종 조기 퇴출'과 보수 언론을 동원한 공작 계획 등이 담겨 있었습니다. ▶ 관련 영상 보기 - 당신의 24시간 '존안 파일'…국정원 왜 숨기나 ▶ 관련 영상 보기 - [단독] ""종북 좌파가 요설을""…집요했던 '명진' 퇴출 작전 이번 대법원 확정 판결 뒤 국정원은 ""사법부 판단을 존중하며 당사자에게 다시 한번 사과드린다""는 입장을 밝혔습니다. 곽 전 교육감과 박 화백에 대한 관련 정보도 ""판결에 따라 모두 공개하겠다""고 덧붙였습니다. 하지만, 대표로 소송을 제기한 이들 외에 나머지 피해자들의 사찰 정보를 어떤 절차로 공개할 것인지에 대해선 언급하지 않았습니다. 또 국정원이 소송에 참가했던 9백여명 외에 얼마나 많은 민간인을 불법 사찰했는지도 알 수 없습니다.국정원 ""당사자에게 사과""‥ 다른 사찰 정보는? 지난 2월 국정원은 MBC측에 ""재판 결과에 따라 향후 처리방향에 대한 기준을 만들어 조치를 취해 나갈 예정이며 법적ㆍ제도적 정비도 병행할 계획""이라고 설명한 바 있습니다. 이명박 박근혜 정부 시기 국정원은 국내 정보 요원들과 간첩을 잡는 방첩요원들을 투입해, 정부에 비판적이 인사를 사찰하고 심리전 공작을 펼쳤습니다. 주변 지인을 포섭해 동향을 파악하기도 했고, 이메일과 휴대전화를 해킹하는 불법 사찰을 벌였습니다. 검찰 수사에 따라 원세훈 전 국정원장을 비롯한 책임자들은 사법 처리 절차를 밟게 됐지만, 생산된 사찰 정보들은 별도의 폐기 조치 없이 국정원 데이터 서버에 봉인돼 있습니다. 사찰 파일 공개 운동을 벌여온 시민단체 '내놔라 내파일'측은 ""사법부가 제시한 기준에 따라 정치 사찰 정보를 정보주체에게 공개해야 하고 나아가 영구 폐기해야 한다""고 주장했습니다.민간인 사찰의 추억 ## 광고 ##존안(存案)은 없애지 아니하고 보존하는 자료라는 뜻입니다. 과거 군군 보안사에 복무하던 윤석양 이병이 민간인 1303명의 사찰 내용이 담긴 디스켓 30여장을 들고 나와 폭로하면서 처음 그런 자료의 존재가 알려졌습니다. 당시 사찰 대상에는 고 김영삼·고 김대중·고 노무현 대통령이 모두 포함돼 있었습니다. 윤석양 이병이 민간인 사찰을 폭로한 것이 1990년. 지금부터 꼭 30년 전입니다. 당시 정보기관들은 민간인 사찰을 중단한다고 약속했지만, 그런 약속은 지켜지지 않았습니다. 더 놀라운 건 당시 엄혹한 환경 속에서도 윤석양 이병은 불법 사찰을 폭로할 용기를 냈지만, 지금 국정원에서는 그런 용기가 보이지 않는다는 겁니다."
